student_id,timestamp,course_name,enrollment_status,grade_point_average,attendance_rate,scholarship_percent
a7e15409-be86-4c87-8f71-82706ccd68db,2026-04-06T06:36:48.742140,Engenharia de Software,GRADUATED,9.8,94,25
2a0901e7-ee40-425b-b60d-bb22c662a4f1,2026-02-12T18:06:15.894154,Ciência de Dados,DROPPED,9.7,50,100
96c7e271-a1b6-4297-ac21-aaadbca5adc7,2026-02-15T18:07:26.484256,Direito,GRADUATED,8.5,89,25
7316b153-a465-4fd2-9363-8d84830ae7d7,2026-05-02T04:18:59.055099,Engenharia de Software,ACTIVE,8.3,78,0
644fbb39-6543-42af-8d22-3f72c842f525,2026-04-23T15:24:19.617349,Administração,SUSPENDED,7.2,82,0
50c0a410-b606-4af1-a72c-83341c34c4df,2026-05-13T18:33:41.238250,Engenharia de Software,ACTIVE,5.3,55,100
c4f255cd-c64d-488e-86f5-0789e99cae1d,2026-02-12T07:12:23.881081,Administração,GRADUATED,8.2,51,25
4e388585-eca5-4866-99e6-b6e3933bd550,2026-05-27T21:58:47.550143,Direito,DROPPED,3.5,79,100
d27df439-71d4-45ca-bc5c-853ec586667b,2026-05-20T19:29:10.184556,Engenharia de Software,GRADUATED,1.7,79,50
3d7a65ec-1fc5-46fc-a319-4589d191df0c,2026-05-05T19:06:23.421957,Administração,DROPPED,6.8,57,0
61c50179-30b0-41cb-91b7-3766152e5799,2026-01-25T22:39:04.646609,Ciência de Dados,ACTIVE,6.8,89,100
1d985cc1-7bde-41f9-b08a-0c7681ae44bb,2026-02-13T05:46:37.119292,Ciência de Dados,SUSPENDED,6.2,55,50
cbef0c3b-f8ed-41bc-a8e2-d5b8bd19e1fd,2026-01-13T01:33:54.975967,Engenharia de Software,ACTIVE,1.5,74,0
809aea6e-d4bb-432f-abf2-6ea369c773c4,2026-01-30T19:01:46.420389,Administração,SUSPENDED,1.3,64,50
f02d8a67-ad50-449e-b25a-570fcfe7e7e8,2026-04-04T19:25:57.489215,Engenharia de Software,SUSPENDED,5.7,82,0
db4824fa-a45d-449c-af6c-7d73c4ec3289,2026-01-02T19:27:53.618939,Engenharia de Software,ACTIVE,9.4,100,25
27fb9a89-1957-4886-bb5d-47662a31b4b4,2026-01-15T23:20:31.885720,Direito,GRADUATED,0.0,86,25
1a609f24-591e-49ce-b2b4-b6e0eaf3623f,2026-01-11T00:44:05.651992,Administração,GRADUATED,1.1,75,50
2c878847-2541-4790-aea4-b7107a80ff3f,2026-05-15T21:11:17.123981,Direito,ACTIVE,4.2,74,0
03440dc0-9a17-4a59-9514-f0671cf70970,2026-01-29T08:07:29.179655,Direito,DROPPED,9.0,92,25
5d2eb91e-c76c-4d41-a464-ce89bf66adcb,2026-04-24T17:25:03.847296,Engenharia de Software,DROPPED,4.0,85,0
d1e80d18-ca57-4c70-a1b3-4d08c6ed2f72,2026-03-25T01:35:31.989326,Engenharia de Software,GRADUATED,1.7,72,0
df677fb3-20da-4c80-b562-f709df481327,2026-01-02T00:03:06.989553,Direito,SUSPENDED,7.2,71,100
1d0e5eb0-92b8-4de0-b00a-81e1b0147b4b,2026-03-28T02:51:54.030403,Administração,ACTIVE,0.9,63,25
b38e7e2e-6147-49db-a560-20768d554755,2026-05-19T19:54:33.949110,Engenharia de Software,DROPPED,7.2,62,25
f3a3939a-0102-4359-a971-cb384eb7d4eb,2026-03-06T11:16:07.459403,Direito,DROPPED,0.5,98,25
df9febac-8068-403f-9f4d-d80196b19719,2026-04-09T20:53:18.109035,Engenharia de Software,DROPPED,0.7,52,0
1af89d29-119f-4c4f-b2a6-0d1193a5ae94,2026-05-10T03:52:18.220282,Ciência de Dados,SUSPENDED,4.1,92,0
cbb81787-3bbc-4e78-b859-03af19ecf14b,2026-03-24T02:07:50.589438,Direito,ACTIVE,5.0,69,0
ea75f84a-f10b-4cf1-91c7-fab5335401c1,2026-05-20T21:57:08.080150,Direito,DROPPED,0.5,80,25
2c7702d5-1232-465b-aff7-76e95bacf937,2026-05-14T00:32:53.995675,Engenharia de Software,DROPPED,3.4,57,100
5e8f98a6-9773-4814-a963-00821bf9ab1e,2026-02-17T02:58:39.987140,Administração,GRADUATED,7.0,78,25
83123340-3f88-4578-bafc-836a338ef8d7,2026-05-19T12:13:37.520763,Direito,SUSPENDED,5.4,96,50
a3de69dc-b4d7-407e-b4e2-5c8b82c4d282,2026-03-04T08:56:24.050792,Ciência de Dados,DROPPED,3.5,79,50
e3dc4e18-bff3-44a3-b90b-9497cfe73a45,2026-01-11T03:10:37.136194,Engenharia de Software,GRADUATED,5.5,90,25
70dcaee7-7905-4d2b-83e5-98031ba22947,2026-04-05T01:01:06.871913,Direito,ACTIVE,2.8,100,100
6a7f14d2-0c27-4220-b6b6-167f29862137,2026-01-31T08:59:54.371448,Administração,SUSPENDED,6.8,88,100
a5292708-3f91-491c-af8a-3008c970fe84,2026-03-27T04:53:31.043336,Direito,SUSPENDED,7.5,79,50
93d10ebc-783f-405b-af8a-517189adace6,2026-04-28T11:35:11.013627,Direito,SUSPENDED,9.9,80,25
cf57e41c-f14d-4e2c-9fc5-cb96a580b390,2026-02-11T23:09:15.822569,Ciência de Dados,GRADUATED,0.1,64,25
2039c969-6ae8-430a-ad48-60b1bd31a38d,2026-02-28T02:35:38.514788,Administração,DROPPED,6.0,87,50
240a707a-5398-45c5-833b-5e585f8126a3,2026-04-01T08:27:55.732453,Ciência de Dados,SUSPENDED,3.6,86,0
93eb25be-d3a5-4a2b-a546-8585462b3754,2026-01-30T10:30:02.355332,Ciência de Dados,GRADUATED,1.4,58,100
a8601b00-bed5-4e78-b927-07dc774a0254,2026-03-20T23:09:43.602270,Engenharia de Software,ACTIVE,0.5,53,100
4c3e779e-f33e-4fee-b651-c1c329e5fcf2,2026-03-03T00:01:28.553154,Ciência de Dados,ACTIVE,8.1,95,0
bd0e112f-1ef2-4ef0-b3b2-3f6ba6d816fb,2026-05-16T02:01:35.020283,Ciência de Dados,GRADUATED,6.9,94,100
3b12bfe5-ab5b-49ac-8a80-0e41add68eda,2026-03-20T11:34:18.345792,Engenharia de Software,DROPPED,5.4,66,100
38d7d20e-3ae9-4a00-9013-185b60657589,2026-03-10T13:01:34.703320,Direito,GRADUATED,8.8,100,50
43bb12f2-edef-4f7b-b2b1-4f94b4f98fbf,2026-01-10T04:41:57.653085,Engenharia de Software,SUSPENDED,3.7,94,100
d5cd6687-6a47-4bd8-bb93-3c2631057521,2026-05-15T05:26:08.918428,Ciência de Dados,ACTIVE,3.6,89,50
0e9e0ae5-e6af-44cd-bbcd-3a5a91e63d5f,2026-02-28T07:58:46.618846,Engenharia de Software,SUSPENDED,6.0,54,25
1314b3f5-6ba8-4324-963a-42911b24323a,2026-03-22T03:52:14.791178,Engenharia de Software,ACTIVE,1.8,91,50
c421beba-7065-43c3-a830-341f80a1b903,2026-04-08T16:44:47.738904,Ciência de Dados,ACTIVE,2.9,63,100
d19fdbf1-1be8-457c-9bc0-738bd90035eb,2026-03-08T19:22:42.751770,Engenharia de Software,GRADUATED,5.6,51,100
55ba50ad-bfe0-4688-9705-14923d1d47f8,2026-05-02T05:13:32.104362,Direito,ACTIVE,3.8,89,50
79dc3fb3-d4b9-4dbd-b74d-8189de190d5f,2026-04-30T11:11:47.277884,Ciência de Dados,ACTIVE,10.0,68,25
6a511ce7-117f-40a1-8c35-9241d4f357d0,2026-05-16T05:24:04.701982,Engenharia de Software,SUSPENDED,4.8,54,25
7a0a73f2-7000-4e53-a9e0-1de972813b4d,2026-01-04T20:22:12.142415,Ciência de Dados,SUSPENDED,1.7,84,0
b80392d0-386f-415b-a17b-7c04907ee2e7,2026-04-10T09:33:03.713938,Direito,ACTIVE,5.0,61,50
127162bc-62a5-4290-8604-27bdd48a2a27,2026-04-14T23:26:11.203005,Direito,DROPPED,0.7,79,0
7c93d9a7-1e8d-4b90-8c71-1d886b2beacf,2026-04-15T10:00:10.003035,Ciência de Dados,DROPPED,7.3,87,50
3debf306-8b54-4a8b-82f0-90e5741128e3,2026-05-22T19:24:13.153697,Engenharia de Software,ACTIVE,3.3,84,0
690245b1-dc88-42c2-93dd-9dcf61151875,2026-01-26T21:35:36.177549,Administração,DROPPED,3.1,80,25
17b18477-a96f-4e94-b622-61afd6b59931,2026-05-03T20:00:06.961919,Administração,SUSPENDED,7.2,66,25
23e303f9-b666-4042-97b2-b7699fa98576,2026-02-06T06:50:40.412681,Ciência de Dados,SUSPENDED,0.5,57,0
dad37c1e-bf4c-4b58-86dc-184199299f14,2026-04-07T16:21:23.655005,Administração,SUSPENDED,4.3,88,100
8ee67880-5299-463d-905a-6de97c8cd160,2026-01-20T10:05:01.985742,Direito,SUSPENDED,0.3,76,100
d3c7b6e1-79b2-49a0-a315-dc8550cf88ae,2026-04-26T16:51:53.996059,Administração,SUSPENDED,5.7,90,25
ffaa1e17-bd24-4e29-85e4-4eaaf31b5257,2026-03-08T03:38:59.477886,Engenharia de Software,ACTIVE,4.8,85,100
de297719-2d98-4733-b5b3-1dc8e4244aba,2026-01-15T11:22:58.778785,Direito,SUSPENDED,9.9,91,50
ca050b04-5f46-4e67-aebf-a365f3341b0d,2026-03-21T07:30:34.129007,Ciência de Dados,SUSPENDED,9.8,63,50
7b4e9ce9-3c7c-49b5-a656-ffda6305438c,2026-01-16T02:34:43.854921,Engenharia de Software,GRADUATED,7.7,84,0
615f97f6-7709-4ec9-b4e8-1d5ce80e9b70,2026-06-03T02:30:22.792166,Direito,GRADUATED,1.1,90,25
f08caa24-5af4-483b-a5fc-289da59e4336,2026-02-18T10:51:13.820752,Engenharia de Software,DROPPED,1.4,77,100
c03f009d-37e0-4698-a1c0-34bf2608ff9d,2026-03-16T15:56:37.911738,Ciência de Dados,DROPPED,5.0,88,0
7a5961bf-4120-4ae0-9a9b-442dc0287954,2026-05-25T22:49:01.363085,Ciência de Dados,ACTIVE,2.8,84,50
feb15483-629b-46a8-aae0-ac90a4e1ada2,2026-04-19T21:17:04.156754,Engenharia de Software,ACTIVE,2.6,95,0
0ae36d5e-dc09-4a96-92c5-920a90186adf,2026-04-30T23:02:57.321150,Ciência de Dados,DROPPED,2.8,62,0
5706d619-42ed-4fc7-a58f-30bb9da2ede8,2026-02-10T05:22:50.976716,Engenharia de Software,GRADUATED,9.3,97,50
e88a1a5d-2434-477b-8239-8edb790340a1,2026-02-16T15:18:45.665244,Administração,SUSPENDED,0.9,75,50
5f431567-c255-45cf-b6a4-e1ea17ec44de,2026-01-11T05:59:31.874457,Engenharia de Software,GRADUATED,0.1,52,100
c2d2c75f-7eb0-4176-8589-7026d9d81840,2026-04-24T04:59:34.025237,Engenharia de Software,SUSPENDED,8.9,80,25
3539f00a-7c07-4d6e-81b0-7a033029a2d9,2026-04-11T09:29:43.637022,Administração,DROPPED,5.7,94,100
11280d85-2b30-4052-bc9b-eca1c461db73,2026-06-05T06:58:49.267231,Ciência de Dados,SUSPENDED,6.3,65,25
01fe55db-2259-4931-88c4-ad01a5397b02,2026-05-05T16:02:10.716660,Administração,SUSPENDED,5.7,91,0
437cfc7c-bcd5-477d-8245-ff57fde91d84,2026-03-05T23:26:20.203424,Ciência de Dados,GRADUATED,6.3,94,0
85282efe-d731-46bf-a33f-40832e088a36,2026-01-20T22:17:43.223579,Direito,DROPPED,5.2,63,50
bee58b65-7393-4052-b1f2-0ff83fc2c018,2026-04-16T15:15:20.580340,Engenharia de Software,DROPPED,9.1,60,0
37384fee-ade8-45da-b8a1-af502e06c23f,2026-04-12T16:51:07.417625,Engenharia de Software,ACTIVE,9.4,100,100
847a36c0-f231-44d5-bc7b-77fe1556e609,2026-05-02T13:45:17.678755,Ciência de Dados,DROPPED,3.7,86,0
3d78415f-f01a-4d5b-b82f-c4244e7c17f5,2026-03-06T02:06:44.615102,Administração,SUSPENDED,4.9,66,25
8c58e0f9-a279-4377-8bb9-1ca467430c2f,2026-04-01T16:53:21.878028,Administração,DROPPED,6.6,92,100
6f7e37d7-f17c-41a6-a024-463f4408de86,2026-05-12T20:57:24.733025,Engenharia de Software,GRADUATED,0.9,99,100
fcc66e9e-fe28-41cc-9374-5773c6978db0,2026-04-06T19:24:17.400404,Engenharia de Software,SUSPENDED,8.8,63,0
e83abb4b-20f2-4e60-8b36-04db447b6360,2026-02-27T02:42:58.218687,Ciência de Dados,ACTIVE,0.3,92,25
d0c38fcd-9929-4c4e-b800-d657775aeac4,2026-05-06T08:06:16.509897,Ciência de Dados,GRADUATED,5.8,68,50
8d1a6b7c-66e5-4cf4-b478-a0a5dd2ccf12,2026-04-25T02:33:06.745035,Administração,SUSPENDED,3.8,91,0
7a32f578-d1ab-46dd-be64-f13ee64b94a6,2026-01-17T07:46:18.650172,Administração,GRADUATED,6.3,64,50
186d6d13-8391-43a5-87e6-de9ee18e22c5,2026-05-12T15:59:20.347557,Engenharia de Software,GRADUATED,9.0,93,50
234952bf-3e74-423d-8203-2df95a151128,2026-01-10T05:23:41.817325,Engenharia de Software,GRADUATED,0.4,70,50
b127b887-0f14-4ed0-9a2d-8e9d93495045,2026-04-04T22:09:32.031870,Ciência de Dados,DROPPED,6.2,100,50
40bca798-9dd8-48ab-bb75-e53aef8b91ae,2026-05-26T15:00:14.542768,Administração,SUSPENDED,5.4,65,100
4b4b75c7-c7c5-4858-b517-4fbc57b543d7,2026-02-21T15:35:35.615505,Ciência de Dados,DROPPED,2.9,94,50
c977b0b0-eb11-4880-a7f0-76dbb819f926,2026-02-27T14:43:38.957376,Direito,SUSPENDED,8.5,60,100
c0b3c850-24d0-4670-a71b-2c1c23bafff1,2026-03-27T16:12:47.700620,Ciência de Dados,ACTIVE,5.4,64,0
a6727f55-46b1-4842-a4fa-796b5c10599d,2026-01-10T01:17:26.211735,Administração,DROPPED,4.3,69,25
4a273867-ac59-4475-b374-22cc81883f63,2026-02-22T10:11:06.913795,Engenharia de Software,GRADUATED,8.4,61,50
da257dab-cc07-41d7-9b43-79ba08320a87,2026-01-12T13:23:04.896770,Administração,ACTIVE,2.7,96,0
8fa0557e-88aa-40e4-abc4-71aa66cab025,2026-04-12T22:43:34.812133,Ciência de Dados,SUSPENDED,5.8,90,100
96805a27-795b-4251-9085-fd0b86f08c34,2026-06-04T12:09:45.573380,Ciência de Dados,DROPPED,2.6,60,25
33a30aca-31a6-458f-bed0-6fa96153c432,2026-04-30T14:40:46.176959,Direito,SUSPENDED,6.9,64,0
903d8c04-92a9-41e2-b196-27766c49b81e,2026-03-13T23:06:06.635684,Administração,SUSPENDED,7.5,65,0
ae7a62a1-5bcf-4188-91ae-db821684fdd7,2026-01-09T20:57:05.929639,Direito,SUSPENDED,10.0,55,25
a765d984-65ed-418b-857c-d7df53ec090f,2026-02-09T18:59:23.815725,Administração,DROPPED,9.2,70,25
fedaa9bd-92aa-422d-8c26-ce3e9b3b75c2,2026-02-22T18:51:21.052263,Direito,ACTIVE,1.2,73,0
be816577-42f3-4f35-bea4-234e77f73ec4,2026-02-11T21:05:53.408388,Ciência de Dados,DROPPED,2.7,62,100
6b725377-ea17-4cc9-a399-97b54fb7a84a,2026-01-07T03:35:27.666208,Direito,DROPPED,3.0,83,0
89694daf-fe0e-4901-a3d9-3ab78d707b70,2026-01-12T22:00:58.865710,Administração,GRADUATED,7.0,65,0
5f9e6800-0bae-44c5-8430-bbd762be3e0a,2026-02-04T08:19:25.237967,Engenharia de Software,DROPPED,3.8,52,50
a17ed20f-7e59-4b9b-ac75-f305348b8984,2026-06-06T08:24:39.802599,Administração,DROPPED,4.0,53,0
bca3ddc3-9761-4bad-9da3-14cb734d7ea2,2026-06-03T15:35:52.470482,Engenharia de Software,SUSPENDED,3.1,89,25
d86db6b6-5ba0-4bf7-bb05-74e960891a63,2026-03-21T09:38:22.067737,Administração,ACTIVE,8.4,66,50
db9258c4-896f-4aef-ba8b-9e27e2378dcb,2026-02-01T12:47:08.901030,Engenharia de Software,ACTIVE,5.9,92,50
91cec625-4379-414c-a0d9-b405bf8e40cb,2026-02-09T19:47:52.561463,Ciência de Dados,ACTIVE,1.9,87,50
cefc4880-e528-4670-a9d9-002221b1a639,2026-03-10T09:51:49.687505,Direito,ACTIVE,0.1,69,25
ef05993b-4645-4685-9bc5-859d38e09e09,2026-02-17T07:55:06.234116,Engenharia de Software,ACTIVE,2.7,58,50
3da5098d-48fb-4b1b-9c0b-42e9df1c0a0e,2026-03-27T08:22:49.211164,Direito,GRADUATED,8.4,98,0
541b3711-cb2c-43d2-bef8-b7d5a7f867ab,2026-01-18T22:17:11.795523,Administração,SUSPENDED,7.7,64,0
26176242-9a5f-471f-a749-37ceb78560b2,2026-01-13T02:31:56.692223,Engenharia de Software,GRADUATED,5.7,100,50
f799aab7-8ed7-4923-9437-74ae517e1de2,2026-01-27T20:46:29.561855,Ciência de Dados,SUSPENDED,3.3,95,100
ed854abe-06e2-4410-8c1e-8c5354ca85c7,2026-04-15T09:28:46.650584,Ciência de Dados,DROPPED,5.3,91,100
c9f39e77-72cd-4753-abe6-f764ef741efd,2026-01-01T15:13:48.528833,Administração,GRADUATED,0.1,95,0
b2ee5c52-52ff-4fc9-96a8-ed6fbbe09dbf,2026-05-21T07:38:24.872994,Engenharia de Software,DROPPED,0.9,80,25
6fb2766f-ed56-40af-8fd8-00f9205327bb,2026-04-14T19:32:26.095132,Engenharia de Software,SUSPENDED,9.1,54,0
50e26931-63b9-4889-acb7-675c3e94f662,2026-05-15T12:32:23.801882,Administração,ACTIVE,2.1,76,0
dde1606d-157b-4b50-b8b9-c9c919a6ae26,2026-05-29T21:53:33.545824,Direito,SUSPENDED,0.8,67,50
bafddadf-4a1e-4d04-b8da-defc12e5402d,2026-03-31T02:31:29.105532,Administração,ACTIVE,7.2,94,0
5a5fa60d-cfce-4231-ae8d-6303b8c1f750,2026-01-23T08:41:02.801121,Direito,GRADUATED,2.8,52,50
0f517389-19c4-487e-95aa-8bea8066d04f,2026-02-07T06:07:01.859487,Direito,SUSPENDED,0.1,64,50
d87343d0-7526-4f6b-85d8-049a40b5a365,2026-05-21T12:07:26.904762,Direito,GRADUATED,2.8,76,100
4b2e6299-6f7f-462c-9b87-4d9180eac769,2026-03-20T20:17:55.541836,Direito,DROPPED,8.5,69,100
c14f237d-6680-4283-8fea-e85e768a6c62,2026-03-27T14:04:14.117632,Ciência de Dados,ACTIVE,2.0,54,25
f241cbc0-fd5d-4ce2-b56b-c3071490b11b,2026-05-12T17:27:27.752106,Ciência de Dados,DROPPED,9.5,89,100
0131e871-d7d8-4a08-830f-309c914c99ce,2026-06-06T14:20:17.323026,Engenharia de Software,ACTIVE,6.6,50,50
5daf8e5d-1fb2-4f4b-8044-59812e0b4ec4,2026-03-16T22:37:19.705802,Administração,ACTIVE,4.0,82,100
4d83bd95-09fb-4e54-aea8-b3d6b4c47802,2026-03-10T06:05:11.815078,Administração,SUSPENDED,6.0,95,25
5532b92f-ef33-4590-b96f-5623aceb92d7,2026-03-10T07:14:15.404240,Ciência de Dados,SUSPENDED,3.7,65,50
2dbc9f9d-7d2d-43cb-8976-7edbfa80f409,2026-03-27T08:32:12.910379,Direito,DROPPED,9.8,97,100
374e4d8e-4d43-494c-b7f5-46ac8b575263,2026-04-09T18:21:00.175175,Direito,ACTIVE,5.3,69,0
f9ab515b-171e-4e3f-bfba-fb1bf889ada0,2026-03-01T22:37:00.139134,Administração,ACTIVE,2.8,54,100
6dd02d77-2694-4710-acda-2377556daefc,2026-05-29T01:26:44.879005,Ciência de Dados,DROPPED,8.6,58,25
c9d9e7ca-8461-4394-8757-af074e9a25d1,2026-06-02T16:15:37.588244,Engenharia de Software,SUSPENDED,0.2,69,50
d91a84b8-83d1-4493-aa91-438053037601,2026-02-20T15:34:47.652851,Engenharia de Software,SUSPENDED,2.6,72,25
53916000-bad0-44c1-8146-43b2a60bdc51,2026-05-30T12:37:06.624745,Administração,GRADUATED,2.5,88,50
5fd1f411-72c0-4d8d-83ab-a2f0857cfa76,2026-02-10T07:14:08.553952,Administração,GRADUATED,4.3,57,100
ba805280-4088-48bf-a655-d7578fbb4324,2026-02-22T20:51:47.157696,Engenharia de Software,DROPPED,5.2,53,25
2515b5eb-f63e-4379-af99-de30369d666c,2026-04-18T02:23:21.104924,Administração,ACTIVE,4.3,69,100
b4523121-7e51-47cb-9f68-f4798c7bddd2,2026-05-17T00:34:33.526781,Engenharia de Software,DROPPED,7.0,70,50
e5b80fe1-269a-473e-b0ef-1241b4336b33,2026-01-25T04:33:56.654284,Engenharia de Software,DROPPED,0.8,80,25
0b92e9d6-a7e7-4c60-b45c-3d061a3d22b6,2026-05-11T22:05:23.566324,Administração,ACTIVE,5.9,76,25
8996b3a8-73a4-4ccf-8bf3-7ea9ac799847,2026-04-18T03:18:23.366932,Administração,GRADUATED,7.2,73,100
36e2eda3-09a1-4d07-b596-04bfcf0d366f,2026-01-07T14:27:10.645560,Direito,GRADUATED,7.6,72,0
da29efb4-d316-4e5f-9000-3a1b66987185,2026-01-23T17:55:06.742096,Ciência de Dados,GRADUATED,8.0,55,0
fe554656-5b97-42d3-a24e-5293c706ceed,2026-01-18T13:15:31.332848,Engenharia de Software,ACTIVE,1.3,85,0
9b5a7df4-c71a-4be7-a475-356b97b2ebf6,2026-04-06T07:46:11.436147,Ciência de Dados,GRADUATED,0.3,83,100
cdabab62-2c09-4e3d-8c5c-748f7308e825,2026-01-09T18:03:16.906928,Administração,ACTIVE,1.6,97,50
a73dd523-a79d-4591-be8b-3ce46147c8e2,2026-03-30T18:39:58.992161,Ciência de Dados,GRADUATED,8.1,75,0
0285e939-a4dd-444b-b592-ba1d0b3c7053,2026-04-18T01:12:01.598950,Direito,GRADUATED,8.9,82,0
26161a0e-34a4-447e-9a91-f41becd78225,2026-02-17T03:47:54.926988,Ciência de Dados,GRADUATED,7.9,100,0
6e662709-cd55-45da-898b-f942d46b9813,2026-04-10T14:53:55.097269,Engenharia de Software,ACTIVE,2.5,95,25
9203d5ee-0c61-4349-ac6f-7021d449d101,2026-02-04T14:54:23.394783,Engenharia de Software,SUSPENDED,8.2,72,25
b6a998b9-dd93-48cc-b3d1-674184fd421d,2026-05-03T12:40:22.027946,Ciência de Dados,SUSPENDED,1.9,99,100
9c5392ec-0b2b-45df-b865-c6a5bc1de69a,2026-01-13T07:20:29.234323,Administração,SUSPENDED,5.2,72,25
aaae32b9-e0c5-4681-a258-dbc352f23057,2026-02-27T02:26:39.653216,Direito,ACTIVE,9.9,72,25
ed0900c1-526b-4b1b-911c-a58dfa592238,2026-05-01T15:15:01.440470,Direito,SUSPENDED,6.0,52,50
aa90528c-0e1a-4963-a195-fccf6097596f,2026-05-18T11:34:39.654972,Engenharia de Software,ACTIVE,2.2,96,0
c412294b-f271-4b7b-99e2-dd7af844da65,2026-05-20T02:46:08.773566,Ciência de Dados,SUSPENDED,5.3,81,100
91c214cc-4bb7-42f0-94d7-825a0b9dea02,2026-05-08T18:26:20.582475,Engenharia de Software,ACTIVE,5.2,70,25
a9e5ec3a-af5f-4255-8fc7-ff138a8cc58b,2026-05-12T10:43:09.622711,Administração,SUSPENDED,7.6,68,50
bcddf8a1-6e70-4897-baf3-7b69ff469c9e,2026-04-08T14:35:38.157946,Ciência de Dados,DROPPED,4.6,54,25
f02f42dc-42ce-4953-bac3-7a5581b61ad7,2026-03-02T18:09:49.942845,Engenharia de Software,GRADUATED,4.4,72,50
bc380df5-1082-441e-8895-7eb27c9d5ca1,2026-04-17T11:39:18.514406,Ciência de Dados,SUSPENDED,7.7,73,25
061367b1-74fe-46fe-8017-477fad6686c5,2026-01-01T04:09:37.229867,Direito,SUSPENDED,8.1,71,25
c0d4ea2f-ac8e-4ce3-aa9d-feec5bd6083e,2026-05-15T02:01:26.544092,Administração,DROPPED,9.9,72,50
76fabba3-5f4b-4770-83e7-22bed0c7661a,2026-05-12T15:50:38.495265,Direito,GRADUATED,5.8,69,0
9699eaab-dcf8-488b-a8b2-7ea9d4dedc38,2026-01-21T02:16:47.389546,Administração,GRADUATED,7.9,75,0
df68f582-9223-4079-b542-a080fa3e096f,2026-05-01T18:04:57.820695,Engenharia de Software,DROPPED,1.7,67,50
cc72a8ab-4a74-4a83-9745-d51bc1c3945f,2026-03-31T17:47:50.216707,Engenharia de Software,DROPPED,4.1,93,50
56c6ed99-c157-4b07-9626-1cd656341796,2026-01-02T10:20:10.382630,Engenharia de Software,SUSPENDED,8.6,89,50
6d2c4487-f8ac-4d36-9a21-217786744bee,2026-05-07T15:59:46.541068,Direito,DROPPED,4.4,62,0
9a08519b-5131-486b-bbc9-0376b2b7dd69,2026-03-07T01:53:38.031047,Administração,SUSPENDED,2.5,94,0
5c8ab0ca-d3ab-4675-864a-a7d672b12dd3,2026-03-18T02:30:54.087934,Administração,SUSPENDED,7.4,96,50
760ee23d-5328-4062-a30a-fee5a72dfaef,2026-05-04T15:45:17.534580,Administração,ACTIVE,1.8,70,100
694835af-398b-403f-b80c-7f9e6c7e02db,2026-02-26T10:58:56.972419,Direito,GRADUATED,3.9,94,0
1ac39ee3-521d-48de-a007-20c8f77a003c,2026-02-14T16:13:55.480816,Direito,SUSPENDED,9.8,76,100
31f50e84-46cf-4257-a10a-05dacb1af80a,2026-01-04T02:07:09.419683,Direito,ACTIVE,2.9,85,25
9ca36874-586e-4e4b-8a33-7a1456dbe68b,2026-02-11T00:33:38.765110,Engenharia de Software,ACTIVE,4.1,66,0
51c7c93d-3cf8-490b-9139-ce994a571643,2026-04-15T22:56:36.384504,Administração,DROPPED,4.5,94,25
89904b57-7f66-4264-8a4a-602aa616634f,2026-01-13T13:18:51.282969,Direito,DROPPED,2.0,72,0
e971373b-5458-4a63-981a-0baf2d2851dc,2026-06-03T05:24:19.095406,Ciência de Dados,ACTIVE,4.7,80,100
dc9a60ce-a925-4e55-bcd5-052d6fec619d,2026-05-12T01:25:27.217265,Administração,SUSPENDED,2.1,71,50
768dc8c0-6970-4fac-bb87-195b95b58806,2026-05-09T07:28:43.279585,Ciência de Dados,GRADUATED,0.8,98,100
57c03225-5ee1-4b6b-b1e6-72c46cfedf7d,2026-02-07T10:16:48.141507,Direito,ACTIVE,9.9,67,100
64532186-fc62-4ece-bd75-3fd91c16d50e,2026-03-02T20:30:29.105710,Administração,DROPPED,1.0,96,0
416e3b30-8fa5-485c-8bcb-9edbdcd7acbf,2026-02-21T19:59:52.340249,Direito,ACTIVE,0.9,86,25
1cf0ff2e-cbbe-4507-8f61-33d60846c86b,2026-01-13T12:46:40.743941,Administração,ACTIVE,4.6,94,100
ff93c90b-7ec5-4b32-b948-c6225e56037c,2026-05-15T12:01:36.308286,Engenharia de Software,SUSPENDED,4.1,72,50
651d8273-1afa-44ec-a001-8d3554dd49df,2026-01-31T18:34:20.547326,Ciência de Dados,GRADUATED,4.8,98,50
b08063cb-6ffd-4091-aff3-9f8536e4a850,2026-02-25T20:59:25.980742,Direito,SUSPENDED,4.1,61,0
7a879441-02f4-4d8c-8df7-b6dae3c555d4,2026-05-12T18:38:14.571405,Direito,GRADUATED,4.2,78,100
c3c5e85f-0b40-4be0-8f51-3b38622105ef,2026-03-22T06:09:38.531853,Engenharia de Software,DROPPED,5.7,65,25
e3d8587a-0a85-4fc6-9e04-e50d6ac9fb43,2026-04-29T15:13:38.727660,Direito,ACTIVE,9.8,85,25
f9e4848b-5473-4586-9d34-78a11a1facb7,2026-04-28T02:23:40.069729,Engenharia de Software,SUSPENDED,1.1,72,50
4dc77c07-3c1f-4dbe-9e63-15aeb66621a1,2026-03-24T05:59:51.082276,Direito,DROPPED,3.3,71,50
632f6fe3-a751-4dfd-8695-c4aa2449218b,2026-03-16T10:46:00.120982,Ciência de Dados,SUSPENDED,10.0,63,50
9bacfae1-37f0-40c4-aac2-74efffa952b1,2026-05-07T06:54:52.811183,Direito,ACTIVE,0.9,51,25
470bde8f-92f6-4a26-b16b-b5a151ffaaf1,2026-02-16T03:32:07.614795,Direito,ACTIVE,7.3,73,25
fefb170b-c1f9-45fe-a6ca-2fcc501136b1,2026-04-07T17:33:35.048106,Ciência de Dados,ACTIVE,5.0,54,0
bdf29e1d-a295-4919-987c-e70056293ebd,2026-05-03T03:07:10.103707,Engenharia de Software,DROPPED,7.7,84,0
8ae3d4fc-5b5a-4161-b3f4-598c9be3069f,2026-01-05T08:25:02.361858,Engenharia de Software,GRADUATED,0.1,92,25
30f3bbdb-e413-4241-832c-51533061afb8,2026-02-03T23:11:33.048623,Engenharia de Software,SUSPENDED,7.5,96,25
26cb3e81-d1b7-4aa0-8a49-9b2cb5fea40a,2026-01-23T11:57:51.204928,Administração,SUSPENDED,7.9,62,25
d33eff80-18f6-4cfd-a68f-fef0b090e6fb,2026-02-03T12:16:40.423325,Engenharia de Software,SUSPENDED,2.1,97,25
0266080c-cf6f-470c-adf1-322ad693e8d1,2026-05-04T05:20:32.978276,Administração,ACTIVE,7.8,67,25
68cdbefa-d635-4920-be10-1df09183a460,2026-02-17T06:34:17.434423,Administração,SUSPENDED,7.6,93,0
787240bf-ce17-4f99-bfd6-9241147132c0,2026-03-26T15:45:43.948365,Engenharia de Software,SUSPENDED,6.4,57,0
76afef63-efee-4dc7-916e-bcbc8858982b,2026-02-08T12:13:50.262388,Engenharia de Software,GRADUATED,7.0,51,100
33072aa6-719c-4151-9c24-3f338c5807d6,2026-04-24T18:11:50.433486,Direito,SUSPENDED,2.7,90,50
fa4d5781-ee42-43f8-8bed-d4ea3cdfcde2,2026-06-05T02:35:25.979940,Direito,DROPPED,0.5,71,50
4a08a923-62bf-4ab9-9c0d-ab83a17d7cc2,2026-05-04T20:52:40.554825,Ciência de Dados,ACTIVE,9.2,77,0
a4fd9431-3257-4c8d-ba6a-d079612a07f4,2026-04-06T01:19:32.722291,Engenharia de Software,SUSPENDED,3.4,57,25
53b57cdd-f0d7-4d19-bccd-232612422d00,2026-05-10T04:12:14.284980,Engenharia de Software,GRADUATED,2.5,95,50
02f73d4d-c7ab-4fcc-9ad9-908188718a57,2026-01-13T15:51:42.425847,Ciência de Dados,SUSPENDED,8.0,90,100
cdc1a0f3-3b35-4334-9649-636c21de3b30,2026-04-08T23:14:48.482751,Ciência de Dados,SUSPENDED,4.4,69,50
68784d10-efec-4245-adf3-97e2eb5141c7,2026-03-27T14:44:42.688772,Engenharia de Software,ACTIVE,6.4,100,50
5920b896-2ec2-4522-8385-89f4da77a2f1,2026-02-13T18:07:50.846603,Direito,SUSPENDED,3.4,84,25
e46043ef-4ac8-438c-b9ae-20cfda131027,2026-01-05T12:42:09.485907,Ciência de Dados,GRADUATED,3.4,85,50
151236fe-3b6a-4780-a301-afd93c03ff40,2026-04-25T07:48:56.099896,Ciência de Dados,SUSPENDED,0.4,99,25
512f543b-d2d3-4360-b873-b190f79934e0,2026-04-25T18:04:45.038399,Administração,DROPPED,2.6,68,50
68b04e27-b1da-4407-bbaa-4a3887762c76,2026-04-07T12:28:52.648489,Direito,SUSPENDED,9.2,73,50
62796fc3-54e8-432e-8947-eee4ad1d5857,2026-01-09T11:25:30.193343,Direito,DROPPED,0.8,52,100
73869593-bede-484b-ae80-f1de4cf5bb38,2026-04-20T09:47:02.413341,Administração,SUSPENDED,5.7,94,100
ae48a413-cb7c-407c-a783-bedfeb4bb523,2026-05-10T16:55:25.151999,Administração,GRADUATED,8.2,88,25
6b7971b3-038e-49f2-a267-a8776f3023b9,2026-06-01T18:02:32.752660,Administração,DROPPED,6.8,89,50
a8069891-132a-4a55-a4da-112cc1122836,2026-03-01T21:08:36.837946,Administração,ACTIVE,4.1,100,25
2b9b2999-d915-4235-8657-d44a6717b128,2026-03-06T08:56:49.871233,Ciência de Dados,SUSPENDED,7.3,80,50
801f3d9a-ce16-463d-851e-033cdc7f6bab,2026-05-06T04:39:15.337016,Engenharia de Software,GRADUATED,9.7,54,50
5eaba9d9-f695-439b-b452-67e429259c82,2026-02-13T23:38:04.648500,Direito,ACTIVE,0.3,61,25
1704da4b-a688-42be-af88-9015ed47ac29,2026-03-09T17:17:50.363093,Engenharia de Software,GRADUATED,1.0,82,0
32e34d3a-83ea-4957-889c-0faca22bff09,2026-03-12T11:48:52.266014,Engenharia de Software,SUSPENDED,6.3,58,50
23cccbff-09ed-489b-a97e-a53280dacc10,2026-01-20T22:56:14.870290,Engenharia de Software,DROPPED,6.9,98,0
2cdd755b-0d50-4daf-8def-8617e1f10b8c,2026-05-20T19:05:46.237355,Administração,ACTIVE,3.6,76,50
4b1b1447-c3d0-49ed-b4b0-25d04e38d82a,2026-03-29T20:44:52.929393,Engenharia de Software,SUSPENDED,1.2,57,0
6d88f1f5-3e9c-4b0e-a1e4-36565a39f71a,2026-05-02T06:44:40.016054,Direito,ACTIVE,0.1,82,50
5ccf23e1-e6de-43a7-83f7-a4ae787b47f5,2026-06-03T03:07:22.909062,Direito,ACTIVE,9.6,59,0
38e6edfb-2faa-4bfd-a990-b25e4cfcef9c,2026-03-12T03:09:25.402504,Direito,ACTIVE,8.2,73,0
d8752377-a5bf-446b-a9c8-409f6ec7f95f,2026-04-29T21:16:58.274821,Ciência de Dados,GRADUATED,9.9,97,25
3bb2bf8c-9306-4e49-babd-fa95ec0494eb,2026-04-10T11:29:17.965884,Direito,GRADUATED,0.4,81,100
6ec4c7b2-cfe3-4444-8a80-f8bf31091722,2026-01-09T18:45:14.553583,Direito,GRADUATED,1.4,96,0
5780821d-142c-48e9-bcac-9c487f44238d,2026-02-01T07:03:27.303689,Administração,GRADUATED,4.9,82,100
2482df7c-86d3-4f9d-a0d2-3aafc03f7936,2026-05-16T00:22:18.526932,Engenharia de Software,DROPPED,3.7,84,0
fb561721-c2d0-43cc-8866-1294fa3f5ced,2026-05-06T00:51:59.083460,Administração,ACTIVE,0.5,63,100
baacf12c-c6fc-4bf8-a841-8b47fe88ea16,2026-01-29T20:17:05.261983,Ciência de Dados,GRADUATED,2.0,71,50
00ddaddb-1e39-4fcd-a98b-08d8a40f887d,2026-03-07T06:22:16.101398,Administração,ACTIVE,1.1,54,50
335dec49-7053-4383-b896-ac33f2fe9276,2026-01-12T05:32:17.170464,Ciência de Dados,GRADUATED,3.6,91,50
2d2dc044-2278-4867-b79d-694e8ba4f6e0,2026-04-05T15:58:34.521031,Engenharia de Software,GRADUATED,7.5,76,0
7f915500-4ea4-43e6-89b3-6d716f3c5796,2026-02-12T23:16:10.938797,Engenharia de Software,SUSPENDED,5.8,62,100
65712ec6-e5f7-487c-a492-d12bf8f07ce6,2026-04-05T15:59:58.497872,Ciência de Dados,GRADUATED,0.1,82,0
0c3ec430-be15-44ce-a8b1-d7d3b5a46f49,2026-05-15T14:41:09.876011,Direito,SUSPENDED,8.4,52,100
efe7dae6-5740-457a-bc87-c313d81a7cea,2026-03-05T08:26:38.693068,Direito,DROPPED,0.9,81,100
9423ba56-d354-4fb3-878b-79a3e48fc606,2026-03-16T19:43:22.107809,Engenharia de Software,GRADUATED,6.4,80,0
5525bec9-1200-4462-b890-b2498dccbab3,2026-05-16T18:11:00.280203,Engenharia de Software,ACTIVE,2.8,93,50
422ee6ca-5e7a-48b0-b358-96cc1a03a69d,2026-02-06T20:43:29.200028,Direito,DROPPED,7.3,90,100
30118c1f-45dd-4183-88e0-657c01f575a9,2026-01-20T11:32:41.028975,Direito,GRADUATED,7.0,54,100
b782836f-5174-447e-9a94-e61f2b72fd0e,2026-04-13T23:02:49.299584,Administração,ACTIVE,8.5,99,50
637e18a6-0131-457a-8975-5f1ea795a80e,2026-04-30T02:38:52.863247,Ciência de Dados,SUSPENDED,2.1,54,50
b2147306-2ad3-4cb5-b727-8cca31578adb,2026-01-14T18:13:09.540211,Administração,ACTIVE,1.6,93,100
5dcedd96-3ce6-450f-85ae-24b53c4eda22,2026-01-15T16:03:41.960418,Engenharia de Software,GRADUATED,1.2,50,100
d26b4917-d5f0-4ee2-afe1-871f66c1247e,2026-03-26T03:18:25.243521,Direito,ACTIVE,3.9,96,100
51968408-288d-4675-9297-f0b2a9da7c7a,2026-01-11T10:37:52.688119,Direito,GRADUATED,1.8,81,25
a8e2425b-c879-457b-a986-f135c7377c8d,2026-04-14T15:17:01.800306,Ciência de Dados,DROPPED,0.1,88,0
1e4a42c5-131b-460c-8363-c81cc1cc07ff,2026-04-02T05:01:40.679004,Engenharia de Software,ACTIVE,5.3,54,100
189fcc58-b1d5-4a8d-9941-adbc10d5a266,2026-02-28T17:42:50.990356,Administração,GRADUATED,6.4,72,100
1c9df7aa-c7bb-488f-95e6-19e6c41c9f4d,2026-05-01T22:02:47.111455,Administração,DROPPED,1.4,77,0
85a422c7-0f6b-4a47-90d4-81a4d9e604b1,2026-03-27T12:00:38.546597,Direito,GRADUATED,1.8,52,100
638a4be1-b2c2-47c3-948b-ef91f417985e,2026-01-01T16:36:11.983883,Administração,DROPPED,3.3,53,50
7ac45792-b810-4d0f-a68c-1691271152b7,2026-02-15T16:39:34.505299,Administração,DROPPED,0.2,66,0
f2e0dcc6-e851-42b5-9144-b4a5f29b7b03,2026-04-01T12:32:30.689532,Ciência de Dados,GRADUATED,8.8,58,25
2d543ab9-56d9-4400-9954-656d8220a28d,2026-05-05T10:56:44.835870,Administração,ACTIVE,1.9,90,100
d41810e9-488a-4458-b8b0-c86e4e584270,2026-04-15T00:55:13.958781,Direito,SUSPENDED,5.4,90,100
65b91948-fed3-45b2-9a31-1286ba87fe7e,2026-01-30T12:51:08.602351,Engenharia de Software,DROPPED,3.2,83,100
99241340-49b8-4417-b973-d915d2c0c481,2026-02-02T05:39:35.303138,Administração,GRADUATED,3.5,84,50
45e0ab61-6060-4ff8-952a-1d18709b638b,2026-05-24T07:03:31.002195,Direito,GRADUATED,7.1,78,50
e7ee98d4-1207-4bd5-b04e-3fd8939858b8,2026-06-05T02:05:12.636696,Administração,DROPPED,3.6,98,50
4725f1ce-c044-4342-bafd-90a7f2d0a4cd,2026-01-18T12:04:44.574963,Administração,GRADUATED,5.2,58,100
8bc2b499-b4f5-428f-b4ed-9bcc825d2647,2026-02-28T02:16:56.158988,Ciência de Dados,ACTIVE,1.8,95,50
3b6c618d-2943-43e2-bdc9-fd847a620097,2026-04-05T04:52:52.161047,Engenharia de Software,DROPPED,9.0,70,0
a10ba810-4621-4aa1-9bbd-ab18454191c9,2026-01-03T16:50:00.444835,Administração,ACTIVE,9.5,83,25
1379473f-a425-49b1-a5a3-6d96258203af,2026-05-17T07:19:18.051039,Direito,DROPPED,5.0,75,0
13c08fce-fd7e-47c3-8aac-df62a0912fd8,2026-03-21T22:14:39.601799,Engenharia de Software,ACTIVE,1.6,82,50
528a99a0-15ef-4c4f-b82f-93029aa58797,2026-01-22T04:37:07.673820,Direito,SUSPENDED,1.8,71,25
4842a413-634f-4753-b45e-0e4ef55cd047,2026-05-28T16:59:25.064101,Engenharia de Software,SUSPENDED,8.4,60,100
f141ea6c-4289-447a-b872-54a46bd0dd75,2026-03-12T00:52:21.247384,Administração,SUSPENDED,7.4,64,25
41c558f0-7ac3-406b-92fb-9ecf92b77455,2026-02-28T10:21:49.854901,Ciência de Dados,SUSPENDED,4.6,67,50
ebe001a3-a1e0-4fba-81b2-5923bdbadfdd,2026-04-18T01:37:19.579033,Direito,SUSPENDED,5.0,64,100
83ecdf57-5f4a-491f-900f-7659b2359483,2026-03-29T05:52:01.656263,Administração,ACTIVE,1.3,67,25
271d89ca-4197-40e4-847a-96e5cccf6bdb,2026-01-20T22:26:51.259252,Engenharia de Software,SUSPENDED,3.5,61,50
87b1ca44-6544-4ba1-ae45-34024a991e8a,2026-04-16T14:15:00.513890,Administração,SUSPENDED,0.7,68,0
a210a23b-5498-4ac8-b44a-6036f9c8ab46,2026-04-05T12:46:01.613068,Direito,SUSPENDED,5.4,91,50
f188e4aa-75e0-4c5f-a79b-0602e81b30c0,2026-02-16T13:53:22.722425,Ciência de Dados,GRADUATED,0.2,66,100
c98e6820-5d51-4cf8-9241-cadcd02dc954,2026-04-13T04:47:35.115535,Administração,DROPPED,8.8,63,100
2ed7f3d7-504b-4e93-82ce-10d93f341be5,2026-03-14T03:57:10.497793,Ciência de Dados,GRADUATED,3.9,70,50
8b28e6c9-e495-4e08-8b3e-ba757469971e,2026-03-06T06:00:55.847740,Ciência de Dados,DROPPED,6.3,80,0
61e58a2f-afd8-4fd9-8326-e1dea1b52b9f,2026-01-13T04:24:13.506511,Engenharia de Software,SUSPENDED,1.0,84,50
ab9e6b16-c4e6-4eaa-a858-fabc822992e8,2026-05-11T11:16:19.770559,Direito,SUSPENDED,9.6,85,100
360d9128-706e-4c36-897e-e0176c8a41ae,2026-03-21T18:24:01.422032,Ciência de Dados,ACTIVE,5.4,57,100
4dff2572-18b4-4b64-bb37-e1875bc11b11,2026-04-18T11:09:37.548057,Administração,ACTIVE,6.5,73,25
54d973fe-030f-4423-9a36-b702a6fb9b6c,2026-01-16T01:42:46.215352,Direito,SUSPENDED,1.2,75,25
e74b18e9-93e9-4459-bc15-a3a1d8a2e29c,2026-04-18T08:35:13.834806,Direito,ACTIVE,3.6,68,0
77413c1b-593b-490a-aa90-262031ec0e43,2026-05-04T15:38:32.509777,Direito,ACTIVE,4.4,56,50
8c22c8e0-30af-4f74-8b00-fe842bb124c1,2026-01-05T07:12:08.016321,Engenharia de Software,GRADUATED,4.5,76,50
c27a5b77-8bad-4a72-b071-9a5d3f8fffab,2026-01-12T04:54:58.068501,Ciência de Dados,DROPPED,0.5,51,50
9072d5d3-2918-4629-b733-44d17866b836,2026-03-10T00:51:30.262838,Administração,GRADUATED,4.6,95,100
3f681876-64db-4632-9e57-86bb61f98617,2026-05-20T14:30:56.309308,Ciência de Dados,SUSPENDED,1.5,58,0
2c8e6bc2-163e-46b5-b08a-206127a246ea,2026-01-24T05:14:17.281501,Direito,SUSPENDED,5.6,91,100
14be5ab2-0de0-4d4e-b61d-6b0941608567,2026-01-20T18:36:23.455017,Engenharia de Software,DROPPED,5.4,72,100
8558ca95-242e-4c76-9217-ed74b355436f,2026-04-10T12:02:47.240303,Engenharia de Software,GRADUATED,9.3,60,50
c627d07b-88d8-4879-85e2-0083796cab76,2026-05-24T17:44:11.264513,Ciência de Dados,GRADUATED,4.4,91,25
81c9e91b-1ae9-483c-8db0-6467b22a6328,2026-06-05T16:14:49.683182,Engenharia de Software,SUSPENDED,3.9,97,50
bbdb8498-a696-4541-8d65-d4662584f494,2026-02-11T12:50:05.483896,Ciência de Dados,DROPPED,9.5,73,25
ab9b7c3e-126b-47f4-aca9-f3d6b12812d1,2026-02-03T19:22:44.402250,Administração,ACTIVE,4.6,82,0
04ba5acb-6de7-45ee-992c-413c890836ce,2026-03-22T14:39:44.458504,Direito,DROPPED,6.0,56,0
ee5b64f0-0ee7-49a9-82c8-1c8b99ca41ca,2026-01-19T06:54:38.577817,Administração,SUSPENDED,1.8,89,0
46cf7e75-827a-486e-9a26-c8804848392c,2026-03-20T12:17:32.216841,Ciência de Dados,GRADUATED,8.3,68,0
a017851c-bf03-442b-8007-7562c3258631,2026-02-06T09:11:00.663121,Direito,ACTIVE,2.3,74,50
1b2804de-858b-4cde-94df-56dca3efa22a,2026-04-05T19:28:20.512148,Engenharia de Software,DROPPED,6.1,76,25
4d5f5b79-a9b2-459e-89f6-f2ce5539f945,2026-01-11T23:23:12.180945,Engenharia de Software,GRADUATED,5.8,52,0
8d483969-e19c-4c8e-a3a0-bfd00f540d73,2026-02-16T04:40:18.801613,Ciência de Dados,GRADUATED,0.1,58,100
f431c0b1-0fb5-49e1-9431-0d303cfbec4f,2026-01-26T02:56:50.127988,Engenharia de Software,SUSPENDED,3.5,65,100
ea15d6a7-209e-4f42-8658-4724c687f766,2026-03-01T19:25:37.742599,Engenharia de Software,DROPPED,4.7,81,50
cd05f13e-1464-472d-b568-62fd915ed126,2026-01-21T15:52:03.693190,Engenharia de Software,SUSPENDED,3.4,62,0
ae967c2c-a709-4ed9-89bb-3fa9a403b773,2026-03-24T03:49:46.833460,Engenharia de Software,DROPPED,7.7,57,100
160be0ec-f8ac-41a7-9a0f-66ea75312b4f,2026-04-22T17:10:44.579196,Direito,GRADUATED,1.2,50,0
2216c546-1259-4fd5-96ca-b95178d0fc2e,2026-05-08T19:02:50.182507,Administração,SUSPENDED,4.7,95,100
70cc16a7-98cb-42b3-a5ee-4a77e89a1735,2026-03-05T15:33:17.479004,Engenharia de Software,GRADUATED,5.2,89,50
6e081460-9572-4633-a35c-f2e07c288f48,2026-04-14T11:17:25.324601,Ciência de Dados,DROPPED,6.2,69,0
bae9a5ca-1716-4fbb-a637-6b215f53ef80,2026-02-18T10:38:53.994361,Direito,ACTIVE,5.7,56,0
fce4e315-5f9e-4ea9-b11e-f2494aa551f6,2026-05-30T16:22:37.533366,Direito,SUSPENDED,6.7,82,0
b06f0210-cff3-4b42-9184-8885ca29b138,2026-02-09T17:02:36.657789,Administração,ACTIVE,2.5,66,100
b6aed7d4-8ec4-44ee-9e96-235537bdca0f,2026-05-01T20:14:44.528744,Ciência de Dados,GRADUATED,6.1,92,25
f0b216cc-712f-4d6d-bc5f-0ec91fcd1456,2026-01-13T10:31:32.627429,Ciência de Dados,GRADUATED,8.0,94,0
178cd538-cb4f-4cc3-b8a7-7625daa206b9,2026-04-24T08:16:53.445948,Administração,SUSPENDED,3.3,91,0
3aecc02f-2d8e-4e2f-b6a2-2fe3818adaa3,2026-04-23T01:29:10.243806,Engenharia de Software,DROPPED,10.0,78,100
64bf7a0a-067a-4ef6-b1bd-e730d8531e57,2026-04-19T10:12:07.767081,Administração,ACTIVE,8.1,60,50
49f8a143-4a24-40f6-a155-f10c4cd7a373,2026-03-16T14:10:22.508996,Ciência de Dados,SUSPENDED,2.9,82,0
2fffd07a-1e89-40bb-bf2e-b5f32656340b,2026-04-05T20:42:05.894232,Direito,DROPPED,9.0,97,0
8534c7f3-f6eb-4073-9b52-94a8c713a3b8,2026-03-21T18:46:29.651168,Direito,SUSPENDED,6.7,97,50
c6e920ca-2af6-48d2-83b0-67fbd7f8d9c3,2026-02-04T20:18:24.013242,Direito,SUSPENDED,7.8,72,25
c63a4f54-4c9f-4f23-87df-2bb23433d156,2026-04-10T04:21:28.630423,Ciência de Dados,GRADUATED,5.1,68,0
e9f42a08-c51c-4cd4-af45-8bb0ac706398,2026-05-24T18:13:22.045994,Ciência de Dados,ACTIVE,0.6,59,100
e78c7ac5-7c78-436f-8e56-9b34c0c7f83a,2026-03-23T16:25:05.044421,Engenharia de Software,SUSPENDED,3.8,74,100
bb58a2cc-58f6-498d-88f0-f5ed798bcc58,2026-04-23T21:17:20.310034,Ciência de Dados,SUSPENDED,2.7,64,100
1d7481d4-ed93-4a95-8e68-b394f070ba3a,2026-01-24T17:17:30.544110,Direito,SUSPENDED,9.0,82,50
aac0da84-bf5e-4dff-8a84-24f581a87762,2026-02-12T13:36:57.781780,Administração,DROPPED,6.1,86,100
35109a6b-4373-4d96-8de2-5468e6d87792,2026-04-06T13:32:47.938963,Engenharia de Software,GRADUATED,7.9,81,25
2532f47a-c91f-4108-9bb8-3d5f2806f789,2026-04-15T16:22:04.349519,Direito,DROPPED,1.9,76,0
c190097c-9b40-4798-9a3d-2f8a1bb86bd5,2026-05-04T08:42:28.611810,Direito,GRADUATED,7.1,90,100
e8161709-4e1e-4646-9a06-9f2aa6890dc6,2026-01-18T01:18:55.141465,Ciência de Dados,ACTIVE,10.0,58,50
d0dd5cd2-9adf-4721-8ebc-55f4ff6481e3,2026-03-18T15:27:00.527637,Engenharia de Software,GRADUATED,5.7,54,50
927dff28-fc9e-43dd-8bf7-291e1de18247,2026-04-17T00:49:58.159593,Direito,SUSPENDED,6.6,75,100
f4f3c987-8a32-4f2b-925d-2ca5b67f3c06,2026-05-10T05:31:06.352642,Administração,DROPPED,2.4,75,50
67a87cc4-79dc-4e2b-b4d2-e74865407372,2026-01-02T12:48:50.629692,Direito,ACTIVE,6.9,82,50
2fc5a5fb-c152-49fa-a3df-db875d67cc2d,2026-02-23T23:20:40.284719,Direito,SUSPENDED,2.8,64,50
6f2f67ef-93b6-419f-af03-05e4f2d9cb56,2026-01-18T09:57:30.799460,Ciência de Dados,GRADUATED,4.5,60,100
1266be75-e6e1-4b82-9ba3-624b10adb009,2026-02-26T19:35:49.841371,Ciência de Dados,SUSPENDED,9.4,69,50
dab85f04-8ec0-475e-afdc-7585963b435e,2026-05-03T06:38:45.187375,Ciência de Dados,GRADUATED,0.0,68,50
22b1e7ab-988a-4608-aacc-cdf073e3d8a2,2026-05-22T21:32:31.737470,Direito,SUSPENDED,4.2,70,50
a668e82a-950a-403e-acab-530ce2a61d4e,2026-01-09T09:37:28.267820,Administração,GRADUATED,6.2,93,0
f396bdf2-f05e-466a-8fc8-19edd1c9f284,2026-04-17T09:18:48.139447,Administração,GRADUATED,3.8,52,100
ba1a72eb-0ea3-402c-b15b-5be242ee974a,2026-05-14T03:11:03.518139,Ciência de Dados,DROPPED,6.7,54,25
02bfb737-6935-4e25-9f26-207a1463a35f,2026-05-14T19:17:23.812312,Ciência de Dados,GRADUATED,8.6,86,0
2a404806-6118-4baf-a4a3-f9a4dd9df32a,2026-05-09T08:35:29.980260,Engenharia de Software,ACTIVE,4.2,71,25
72ed0f8d-f294-42d3-8941-0669e7a60f81,2026-01-01T07:37:20.587299,Ciência de Dados,DROPPED,2.2,96,50
aca3f904-54fd-4f75-8340-e272bc06d02f,2026-04-30T02:05:06.475724,Administração,GRADUATED,1.9,91,25
ceb9c8a3-47a6-43db-a789-7fc632d1d3bc,2026-03-21T21:52:36.239060,Ciência de Dados,GRADUATED,6.2,100,25
94ef261f-b409-4923-ba47-09d06bca4aef,2026-01-16T09:36:08.612966,Direito,SUSPENDED,1.7,79,0
dc011ad3-a4c7-408e-9ca0-697ff4c8d79b,2026-02-21T23:06:13.634364,Direito,GRADUATED,5.2,94,25
26ee8f39-6c59-44e8-a877-84085ab168df,2026-06-04T11:21:46.275443,Engenharia de Software,SUSPENDED,1.3,88,25
5acaac9b-bfb4-485d-a3a6-63d8db0a0259,2026-04-10T19:50:42.721087,Engenharia de Software,DROPPED,2.1,51,25
4a020262-99e0-4a05-94cb-be9f2d0b504b,2026-05-24T02:07:09.784236,Ciência de Dados,SUSPENDED,6.6,59,50
6625d9ac-7432-498f-a509-b8788cd765d8,2026-02-26T03:50:47.498410,Administração,SUSPENDED,4.4,84,50
875e697a-09dd-467d-9606-ce5b5a7e0350,2026-04-29T14:59:33.822356,Direito,ACTIVE,3.3,81,0
2b93b1e3-f141-4c00-a847-63e2e294e828,2026-04-14T18:45:29.281491,Engenharia de Software,GRADUATED,7.5,68,25
53389fe9-0e13-45e4-89f1-847d4389b8e7,2026-03-09T22:08:05.792670,Direito,SUSPENDED,1.9,52,25
8e8c8cb1-9998-49a2-a546-d421930e557a,2026-04-22T12:49:35.123327,Engenharia de Software,SUSPENDED,0.1,82,0
1f0170dc-3dd7-480b-b6e9-fcbdc86b0eac,2026-04-05T19:05:34.170338,Direito,SUSPENDED,2.4,74,50
b83465ca-137d-425f-95fd-951593419ba4,2026-05-25T16:57:27.864847,Direito,SUSPENDED,0.8,51,25
a9c65b8d-9a2d-4c3d-a52d-1ad215e2d86f,2026-04-16T23:23:44.702430,Direito,GRADUATED,2.8,96,100
c21e71f8-fe3f-4c46-8eda-fbb13b7c5104,2026-03-04T21:58:41.333204,Direito,DROPPED,8.7,70,50
4fc76d5f-980a-4ecd-89e6-5c8e78454f39,2026-02-20T15:07:25.248508,Administração,SUSPENDED,9.8,95,0
9972bbe7-3e7f-4b72-bd00-cc6ccfd91c06,2026-02-27T12:32:09.382776,Engenharia de Software,ACTIVE,3.9,76,100
d54b122e-0cb8-4663-9562-cf90e6e1a831,2026-05-26T23:12:57.468657,Ciência de Dados,SUSPENDED,1.6,58,0
fa86fc53-37b0-42ef-8909-91ba082e2ab5,2026-01-17T05:28:37.885961,Administração,DROPPED,6.5,100,25
190475ee-b1c3-4b19-928a-5e8edc34e64d,2026-03-03T19:16:55.699829,Direito,ACTIVE,0.0,87,0
fdd7f72d-9782-48b6-8a57-c1986d6fb3e0,2026-03-28T12:07:03.472005,Administração,GRADUATED,8.7,89,0
03be16a5-ce19-490e-9c3c-eef159e76a57,2026-05-03T14:35:02.441390,Direito,ACTIVE,0.0,51,25
aa9fe1bf-1acd-4d09-833e-a5ace8539549,2026-06-06T00:15:43.353414,Ciência de Dados,DROPPED,1.5,50,0
d7738749-05e4-43a9-a4d8-edca903ddd7f,2026-03-14T03:00:46.374704,Direito,SUSPENDED,5.4,72,100
f969fe20-8e77-4c01-b1f0-65eccfd8c341,2026-05-17T02:25:04.522561,Direito,GRADUATED,0.7,62,50
2bf802ce-cfe5-4858-a410-e58f9492a6f8,2026-01-14T19:50:22.591688,Direito,DROPPED,9.9,75,100
9129cece-5bb3-4926-9335-6cd7a2051350,2026-05-19T18:16:29.308911,Engenharia de Software,SUSPENDED,7.7,77,50
fc25a8c9-a1e6-4d15-8788-2bc0e729dea2,2026-02-03T16:41:31.332983,Engenharia de Software,DROPPED,3.9,95,50
084b6e95-3b38-45ac-b31e-c0c77834ae50,2026-01-08T17:17:11.017277,Ciência de Dados,GRADUATED,1.0,63,50
f96f034d-980a-437d-b2ab-c81865252c32,2026-04-23T06:07:24.842528,Direito,GRADUATED,2.4,56,0
ff57310b-4d50-4672-a122-2181e5c86879,2026-02-16T12:47:43.517637,Administração,GRADUATED,5.5,96,50
b4b906ff-556d-40f5-9471-e8f2b466dc2a,2026-03-05T22:52:21.380405,Direito,DROPPED,3.7,66,50
e42130ce-a2e1-4904-8902-37b7df09048c,2026-02-20T05:55:45.504280,Administração,SUSPENDED,6.1,87,25
8fc8145a-8f91-4c38-925c-3cce2721ad0e,2026-05-18T06:30:19.278257,Direito,DROPPED,6.6,80,25
87db33c6-e52c-44c4-bf13-0850420b4059,2026-01-18T16:57:30.053197,Ciência de Dados,ACTIVE,9.3,63,25
fdbc8551-c3d1-40bd-ae90-3e8c028b27b9,2026-03-05T18:06:50.017487,Direito,ACTIVE,3.1,65,50
bc7f7752-ac2a-4e42-82cc-a0e382423359,2026-04-09T16:44:56.101541,Direito,GRADUATED,2.6,99,50
310b5b2e-54f2-4f50-9dcf-b50a85c9ee8c,2026-03-07T15:08:27.324181,Administração,GRADUATED,0.8,71,100
28f33eec-3826-41fa-9306-cbb0c577c402,2026-01-06T10:54:18.357962,Administração,SUSPENDED,4.4,67,50
908529b2-aa63-4a4b-bb65-dd5f98cfae8a,2026-02-12T22:19:38.800526,Engenharia de Software,ACTIVE,1.5,67,0
c483dc11-62c2-41fb-b579-8d4180c70d66,2026-03-09T01:31:03.370717,Administração,DROPPED,10.0,59,0
963875c2-f644-49f9-b002-61520a7c0d40,2026-04-16T07:52:27.809450,Administração,DROPPED,9.2,80,100
cd08f81b-e640-4a1b-8581-ee9b97ee1fb2,2026-01-21T23:41:42.181129,Administração,SUSPENDED,4.0,63,100
47797e8a-9579-4ffa-8cab-b2088584a181,2026-06-06T05:23:05.704861,Direito,DROPPED,9.4,70,50
1a8a6f40-d79b-431f-b61e-43633f4112fa,2026-06-06T14:14:17.809285,Ciência de Dados,SUSPENDED,1.0,57,50
1d9b87f7-c7bb-4878-b7f9-5b80f8765915,2026-01-11T10:31:20.333632,Ciência de Dados,SUSPENDED,0.6,94,100
de5d1375-2eae-46c3-9aa9-61dee1ee5bf3,2026-05-09T01:55:14.915595,Engenharia de Software,DROPPED,8.6,62,50
2ef8bd79-d9b5-4605-a9a1-1e50a4a777bf,2026-03-22T09:48:39.324873,Ciência de Dados,ACTIVE,1.3,99,0
e8d9a061-9be2-4538-a577-f8b89753e53b,2026-03-10T00:43:47.423278,Engenharia de Software,SUSPENDED,8.5,97,0
4d6ea9cc-74ca-4a06-bb14-2874f624a1dc,2026-05-11T19:19:08.242788,Ciência de Dados,GRADUATED,3.7,55,0
5beaa7d2-8e4d-4e82-b5d8-536bfa3a54fa,2026-02-11T15:55:59.561004,Ciência de Dados,GRADUATED,5.6,98,100
a8bdcca4-d6da-40ce-9ec5-6952aee3841a,2026-02-23T01:12:20.173717,Engenharia de Software,SUSPENDED,5.4,91,25
5de9ac5d-854d-4d7f-ae38-df15d3d4d1b3,2026-05-14T15:42:50.579253,Engenharia de Software,SUSPENDED,9.9,80,100
5dbbe967-24b1-48ba-9f44-3f1f1ffae3f7,2026-06-06T07:24:30.187565,Direito,ACTIVE,7.2,88,100
987a3dcb-37d4-43ff-b26a-568d8c6db111,2026-03-24T09:27:52.931446,Engenharia de Software,SUSPENDED,7.7,87,100
fc568a71-b587-4b68-bcbb-7f956ead73ef,2026-04-05T01:34:14.599840,Engenharia de Software,GRADUATED,4.4,76,50
962837e7-9835-45c8-9716-f0aab5bf84ef,2026-01-05T15:32:41.205112,Ciência de Dados,ACTIVE,7.4,82,0
24ffdd91-3e3e-4dd9-be5c-05a0f6f880e0,2026-05-06T15:02:12.953545,Administração,GRADUATED,9.7,54,0
da2cc373-5249-4be8-8e0c-27d3957bda86,2026-01-15T10:36:43.888329,Administração,GRADUATED,9.3,97,50
3edba267-1408-47bf-b792-add5bde43b9d,2026-05-10T10:21:01.064632,Direito,ACTIVE,0.3,67,25
00599f2f-1355-4286-9299-1e63702bb23d,2026-03-17T08:23:19.516336,Engenharia de Software,GRADUATED,4.9,66,0
5f481181-728e-45a2-82b1-253b3502a737,2026-03-22T00:22:06.452170,Administração,SUSPENDED,8.0,76,100
c0ee7688-339c-47c4-9454-fa1af1c94933,2026-03-17T04:41:08.792976,Ciência de Dados,DROPPED,4.0,54,25
a804f973-1f2b-4e5b-905b-a60767e55c46,2026-02-13T05:31:55.373696,Engenharia de Software,ACTIVE,8.6,86,100
a1f254f0-bce2-4837-b1ff-305d7cf81c64,2026-05-20T08:17:24.749401,Engenharia de Software,DROPPED,7.7,85,100
2d1a044b-e2bf-45f5-bdd5-53e48e0ae077,2026-01-14T14:01:02.749116,Ciência de Dados,ACTIVE,6.7,74,25
18f21cac-7e5a-4777-83b6-c62fab1995e7,2026-02-25T16:09:43.241134,Engenharia de Software,GRADUATED,8.9,50,25
28c6ad22-15a4-4bbc-808b-1e0c4751c13f,2026-05-23T07:11:43.270568,Direito,DROPPED,4.1,96,25
beb17036-a82b-4b9e-bac3-96bb7dd93eb1,2026-03-07T08:57:32.060982,Ciência de Dados,DROPPED,0.1,56,50
c84893d8-b802-471e-b3bf-e6f2260dcef0,2026-05-20T11:01:06.366908,Administração,GRADUATED,2.4,100,25
84c57e1f-9480-4fb1-965b-f0058f168756,2026-03-26T05:26:21.839885,Ciência de Dados,DROPPED,1.3,98,50
d19ac8c0-5c6d-4555-a527-9029baee23f8,2026-02-25T14:46:26.336604,Ciência de Dados,SUSPENDED,3.6,86,0
ff795b99-492e-4569-aab8-91705273bf97,2026-02-23T22:42:01.247488,Engenharia de Software,GRADUATED,3.7,100,0
df469595-fffd-4e02-b580-1ca5f1aef770,2026-02-10T00:49:22.295893,Direito,SUSPENDED,6.9,71,0
9e0dc18d-ca78-4235-9490-147f0f919d49,2026-01-10T00:46:05.755000,Ciência de Dados,GRADUATED,6.4,81,0
95251489-7612-46a3-a81c-9a155abec2ca,2026-05-18T06:17:27.309923,Direito,ACTIVE,2.4,62,0
9c12cb88-f54e-480c-8b23-0c2c5b99aaf4,2026-02-17T12:22:30.972908,Ciência de Dados,ACTIVE,1.0,95,0
dab54030-37e3-440a-abf1-2e140d45b207,2026-06-01T08:49:24.239595,Ciência de Dados,GRADUATED,5.1,90,100
01a1b703-7e49-4d19-b65d-4d97d5487072,2026-04-28T03:50:32.827368,Administração,SUSPENDED,0.0,69,100
ea3f0771-dc2c-4afe-b8de-1ad098c1a75a,2026-04-24T05:43:15.179569,Direito,ACTIVE,7.1,79,25
d7c30d38-5be7-4303-9d67-dc4e5da38d98,2026-04-20T03:20:24.138970,Direito,DROPPED,8.0,59,100
79447673-15e4-46de-807d-175789011d16,2026-06-06T11:23:44.032382,Engenharia de Software,ACTIVE,1.6,100,50
b46b9f01-a7c6-4aeb-b1df-1a5f2d31cafd,2026-02-09T02:19:27.166590,Administração,SUSPENDED,8.4,98,0
e51546e2-e603-4e5c-b8d9-76340677df01,2026-02-19T21:05:22.095795,Ciência de Dados,GRADUATED,5.2,70,100
5a1f39ea-d3d5-40b5-8da7-c151f15de220,2026-04-11T18:43:29.818560,Direito,GRADUATED,1.6,99,100
1d037a49-0a38-49da-9577-e49bb7e67492,2026-01-10T03:59:29.137055,Engenharia de Software,DROPPED,9.6,65,50
6700cd17-4771-4ffa-a373-95ca58cf7ae5,2026-05-16T09:24:40.068821,Engenharia de Software,SUSPENDED,5.4,96,25
034b1446-da05-4d42-afec-9e688c1ff10d,2026-03-08T21:11:50.204045,Direito,SUSPENDED,7.8,50,50
a9181f48-e713-4989-9a83-cbd6d773953e,2026-04-10T08:42:55.946752,Engenharia de Software,ACTIVE,3.1,62,0
424d7a63-aeb6-4706-8ae6-982f046085d9,2026-05-03T09:55:07.264444,Direito,ACTIVE,0.5,86,25
7dffb2fa-cf1b-4732-8883-db587b1b7971,2026-06-03T22:00:15.486216,Administração,DROPPED,2.3,63,50
c0b8b45e-c156-4c17-87d3-bcbd582392f2,2026-03-07T02:55:48.749395,Administração,GRADUATED,2.8,77,25
53d20386-b1b5-466d-9357-1ca49ffbd446,2026-06-02T10:38:04.381202,Direito,DROPPED,6.9,58,100
a18cb3fb-7b4f-4edd-8423-6a681e913b6f,2026-01-24T17:36:16.110898,Direito,GRADUATED,6.5,54,50
6bd1d7ac-8312-4937-9658-c0cbed79e7a4,2026-03-30T02:16:36.347762,Administração,ACTIVE,1.3,79,100
6ac30dcb-c09b-4589-bb85-01d97e0797f1,2026-05-12T23:55:15.028994,Engenharia de Software,SUSPENDED,1.0,50,50
00394656-4eb0-4c08-bfb5-a7f3b759bc00,2026-03-01T18:54:24.168063,Direito,ACTIVE,2.0,78,25
489dfc06-316d-4013-bb19-69aa56454b13,2026-01-13T01:24:52.077802,Engenharia de Software,GRADUATED,5.8,59,50
c978f6c1-9dad-499c-8fe3-5ba287aa350c,2026-02-28T11:48:18.318097,Administração,DROPPED,3.4,89,50
d8bbe766-2ad4-40d2-bb1d-0d69561c65c6,2026-01-11T12:24:15.096104,Direito,DROPPED,4.5,60,50
ca1d2b2f-6c93-4879-86af-f93b4239aecc,2026-04-15T07:47:23.268837,Direito,GRADUATED,3.7,55,50
38cf6db6-9130-4e61-a024-5b3003dd781d,2026-04-30T03:32:33.177525,Direito,DROPPED,9.4,55,100
34c3ea95-261a-4b2d-a9af-19eaf1c5f047,2026-03-15T00:57:31.838717,Direito,GRADUATED,0.0,56,25
5b2654aa-f232-4f57-8e8d-76db8441eca8,2026-01-30T20:24:08.833594,Direito,SUSPENDED,9.7,82,50
4690a162-9906-48cc-92b2-94d935ef1280,2026-03-27T17:15:35.464372,Engenharia de Software,GRADUATED,4.5,96,100
c3925979-8a69-4e61-9999-a0d982da1325,2026-01-20T09:41:04.831907,Ciência de Dados,ACTIVE,2.4,75,50
89d1281e-50e2-4c9d-87c1-4876cf7e68a1,2026-05-12T14:55:35.518022,Administração,ACTIVE,8.7,51,25
ca50025d-b231-4f21-bea6-e47953f2cac0,2026-01-18T09:37:11.349622,Engenharia de Software,SUSPENDED,2.3,61,0
10b4dc6d-cd23-4cf9-922f-83e5fa682d8d,2026-01-05T11:29:29.575115,Administração,DROPPED,5.9,72,0
cdc1366f-63ae-401b-bcbe-671fc6941447,2026-05-01T21:52:19.822796,Direito,SUSPENDED,5.9,98,0
d49d8e59-97f8-49ab-ba48-e59819c7d770,2026-05-17T05:57:13.511475,Engenharia de Software,SUSPENDED,10.0,54,100
f4f52ee0-45c1-4991-8285-a96427642a97,2026-06-01T03:56:01.339342,Ciência de Dados,GRADUATED,3.3,93,0
dec23317-2974-4308-8a7f-8caa058dbe15,2026-02-16T01:10:44.959884,Ciência de Dados,ACTIVE,6.4,59,25
046153fe-7984-482d-ab19-7408e44cf7ee,2026-06-06T20:41:35.318682,Direito,DROPPED,3.8,70,50
4eaa2ed1-3df3-4ce2-a09c-7034a7ab65db,2026-03-30T06:53:40.622968,Engenharia de Software,ACTIVE,4.0,55,25
d46fa2a6-e143-4f73-a9a4-e1cc7a0de94e,2026-06-01T01:46:34.252524,Direito,SUSPENDED,3.4,76,50
add6d2cc-0d55-4900-9d49-1859802e8546,2026-03-31T15:55:22.364889,Engenharia de Software,DROPPED,2.1,79,50
39c40fe7-e390-4065-9ab2-07000fc38634,2026-05-16T18:43:52.916610,Engenharia de Software,ACTIVE,6.8,77,50
6c890c6b-e5d9-4c3d-9b8c-af28dce08022,2026-01-16T02:53:07.113805,Ciência de Dados,GRADUATED,4.2,69,0
3afac261-4584-409f-b93e-2a1a1ac86e84,2026-06-04T10:01:45.607897,Engenharia de Software,GRADUATED,0.6,99,0
c9bff64f-530a-4811-b3d2-a618dc8f1f88,2026-04-17T20:41:34.239486,Administração,ACTIVE,8.7,82,50
19944f81-2306-4511-886d-9cc9e6bd16eb,2026-02-17T16:57:37.690361,Ciência de Dados,GRADUATED,9.4,88,50
d79de70c-8b1c-41f5-ad78-ce97156b7226,2026-03-04T23:30:51.957893,Administração,SUSPENDED,0.2,61,50
28a7f242-8819-4157-a67c-ee6ef70ce9cd,2026-03-22T21:59:49.090842,Administração,ACTIVE,3.8,52,25
b77c715d-4b5a-4a9e-b1c1-0fcaf9eeb984,2026-03-10T15:04:22.037309,Direito,GRADUATED,3.4,68,0
845bcd30-674a-43f6-bd8d-9d93c9f0d3f5,2026-03-03T00:00:31.654719,Administração,SUSPENDED,3.5,60,100
0bc950ce-bc61-496b-9962-9079b4d241b7,2026-02-17T02:01:35.543998,Administração,ACTIVE,6.5,63,50
bfdef985-77d6-46fa-8135-9baf28fb2d96,2026-04-07T02:59:37.178333,Direito,SUSPENDED,8.4,63,100
30d40778-4da3-456f-8582-19ceb692f9d1,2026-05-20T15:53:18.165052,Engenharia de Software,DROPPED,6.5,86,50
6a38fc8b-f427-430b-b8e9-75efb30b1ea5,2026-05-17T13:59:22.410267,Administração,ACTIVE,8.5,70,100
4681fb80-ee79-45ab-8c45-ecbea4cc0e56,2026-01-25T01:50:57.447261,Engenharia de Software,ACTIVE,8.0,87,50
7530ad44-2cfd-4ab5-b72c-1a9b1cf47ea1,2026-05-05T14:02:54.095922,Direito,GRADUATED,0.8,74,100
4a8e5fbe-a2ce-4852-8b16-66d5b01a0748,2026-02-11T11:15:44.726609,Administração,GRADUATED,2.9,94,25
98a3fbd8-a27f-493c-8819-15c601b74244,2026-04-20T07:43:23.766926,Administração,SUSPENDED,9.0,75,100
09684e94-7c16-4ae9-8412-b7880d5b0af7,2026-04-23T02:46:15.432429,Administração,SUSPENDED,7.3,98,100
eac0952b-8d9a-4672-ae6a-3e170f4aa6b9,2026-05-26T07:35:56.621581,Ciência de Dados,ACTIVE,0.0,95,100
cf560c05-e2a7-4251-96e4-2f0199219366,2026-05-04T08:08:36.368095,Ciência de Dados,ACTIVE,1.2,93,100
737825ae-f096-4a30-a161-c1a490eb9c59,2026-04-02T17:19:24.228944,Administração,DROPPED,2.3,93,0
5c8f6d4a-b73f-4177-845d-d6e90dec70bd,2026-04-05T11:48:29.657977,Engenharia de Software,ACTIVE,7.2,89,100
f7f23082-b0db-4098-af80-95d5376b1740,2026-04-01T10:15:06.120740,Direito,ACTIVE,5.5,56,25
d4636685-e71e-4f3e-9f5c-bd742c70add2,2026-02-18T08:09:49.605700,Ciência de Dados,SUSPENDED,6.9,94,25
f7909f30-e455-4f64-ab29-e3b22e4ae7a1,2026-03-01T04:04:05.064536,Engenharia de Software,SUSPENDED,4.1,93,100
07e4e2d8-3740-4714-ba10-8dd86a900476,2026-04-30T00:06:58.161865,Engenharia de Software,DROPPED,4.2,59,50
dcbf4eea-1056-46dc-9a6e-68d710bda00c,2026-05-18T10:28:02.563031,Engenharia de Software,ACTIVE,1.0,52,25
ef181e12-d6d7-4527-b30f-4ddd51764b8f,2026-01-12T23:38:35.137579,Direito,GRADUATED,7.2,93,0
45d2465f-6310-41fb-8ae3-80b21e23c485,2026-03-13T15:15:30.680313,Engenharia de Software,GRADUATED,2.9,57,25
d7a73661-04c6-4fd2-b161-c869b9227350,2026-04-19T16:02:52.682241,Engenharia de Software,SUSPENDED,2.9,81,50
8e90b6c4-f8f3-4ffb-95c7-482d70f98cd3,2026-03-26T15:51:33.210201,Direito,DROPPED,4.5,65,0
dfa33cf8-9232-40fb-9852-4717ff95e147,2026-01-27T11:44:07.896710,Direito,GRADUATED,2.0,87,100
ec3c5294-867e-486f-aa8c-870a170eca50,2026-05-29T10:25:56.244455,Ciência de Dados,SUSPENDED,9.6,68,50
4f313812-0fed-4764-8589-b9f32d060964,2026-03-28T10:44:25.853543,Engenharia de Software,ACTIVE,5.0,76,25
1a4abe5f-485d-4823-badb-603a92241f6e,2026-01-25T16:01:10.882372,Administração,DROPPED,7.9,73,100
a532d2d5-1bce-4b2b-b8aa-6f0ddc0fe967,2026-04-26T19:01:31.319717,Direito,GRADUATED,6.8,98,100
5c05f19d-926c-4f2f-9e99-af2959b33ef1,2026-04-02T20:11:44.054409,Direito,ACTIVE,8.5,52,25
65a35703-7aca-49f0-a5e2-a882e350ef68,2026-04-20T02:42:17.587340,Administração,GRADUATED,1.1,96,25
75c7a139-b43b-40e4-a495-bda12c701df0,2026-02-09T22:35:46.973256,Ciência de Dados,GRADUATED,5.2,100,0
f014b925-af77-4b7e-b75d-7b429fd739cb,2026-03-25T16:44:59.271424,Administração,ACTIVE,3.0,83,50
43dbcd3b-7e17-4ffd-be5e-fee1b255fe4d,2026-03-20T02:17:53.773952,Administração,GRADUATED,6.4,67,100
493de863-8342-4b9b-a286-336120a178bc,2026-04-02T02:52:11.991132,Ciência de Dados,DROPPED,0.4,73,0
695d7aa6-2876-4ed0-87fa-58a99f3a64c6,2026-04-23T03:14:29.407717,Direito,GRADUATED,4.3,99,0
519b01f1-fe5e-4813-a6f9-bca0d914106e,2026-03-20T09:17:41.811635,Ciência de Dados,ACTIVE,1.6,69,0
57c9dbb4-3aab-44e4-a2ac-7edfbe1ec1a4,2026-05-03T13:57:05.519520,Ciência de Dados,ACTIVE,8.9,93,100
8e526abf-406c-46dd-9038-9bf9fcfb0049,2026-02-07T07:15:18.441199,Engenharia de Software,GRADUATED,1.4,56,25
7433f6e5-ac1c-499d-a1e4-8734368bdf6e,2026-05-06T00:43:19.444558,Engenharia de Software,SUSPENDED,6.3,96,25
5e09e349-afdc-4e62-bb4c-14d9723c4ad9,2026-01-04T15:59:10.864689,Ciência de Dados,DROPPED,6.7,98,50
323211e8-5489-4e48-ad89-d9152c9f91e1,2026-06-03T10:54:25.177311,Engenharia de Software,ACTIVE,9.8,57,25
684f993d-30c2-4f29-9821-080959a75511,2026-05-25T23:25:23.041272,Ciência de Dados,DROPPED,9.3,76,0
4d0c4ef8-8acd-4091-860f-4f4f7f99d188,2026-02-06T12:36:18.583109,Direito,DROPPED,7.9,56,0
31ec7b66-d0b1-478f-92db-177bbc83a3f2,2026-05-26T11:18:39.008104,Direito,GRADUATED,2.2,66,25
7aa40ddf-bc31-4e64-a564-1001ad38544c,2026-03-03T04:53:32.206321,Direito,SUSPENDED,2.4,64,0
f77dd3af-9762-4fb3-95f1-1b121c53a064,2026-03-01T22:19:30.353066,Administração,GRADUATED,1.5,69,0
1161bb3b-fb89-4862-b178-b11e055ec069,2026-02-28T12:15:15.664740,Engenharia de Software,DROPPED,7.8,77,0
b5282e1c-9572-4a8b-91ae-9fb5cad99b10,2026-05-30T04:49:06.090099,Administração,DROPPED,3.6,72,100
c29df7c9-e078-49ad-8cb3-55e12fe6930d,2026-05-05T22:00:40.395921,Engenharia de Software,SUSPENDED,8.9,62,50
ead859d2-a04e-4267-8b56-b429efd0633d,2026-04-27T08:54:44.407879,Engenharia de Software,SUSPENDED,7.0,64,25
bf8d6572-eac1-45fa-b1d2-d4a5445166b4,2026-02-16T00:39:15.244320,Direito,ACTIVE,9.0,98,0
803910bd-ef59-46da-af3c-263d745baa19,2026-02-14T06:13:03.169421,Direito,DROPPED,1.9,56,25
6de0ca93-6adf-4fec-b177-075770316a66,2026-02-17T19:01:24.538808,Ciência de Dados,ACTIVE,9.0,54,100
5a0cfcc0-a2ad-4fab-86dd-c69229f89866,2026-02-23T01:40:33.606006,Ciência de Dados,DROPPED,8.7,51,50
4179f3f2-8878-4d31-ad20-88b4aedcd5af,2026-03-03T04:12:22.708593,Ciência de Dados,SUSPENDED,6.1,63,0
32c36249-2300-40b9-b22d-397630ca9340,2026-02-27T20:55:58.209502,Ciência de Dados,SUSPENDED,3.9,92,50
1d8a7be6-b570-4889-a0f8-8787e9096ea1,2026-03-01T11:40:20.796128,Engenharia de Software,ACTIVE,0.1,57,0
85b0780b-c6ea-4e18-a24a-16ab7cfda6f1,2026-05-28T14:42:44.991055,Ciência de Dados,DROPPED,6.9,69,100
9cc03846-775c-408c-bf5f-3d8737747be5,2026-04-29T17:51:05.310288,Engenharia de Software,GRADUATED,7.7,96,100
9c826406-3673-4c6c-bb22-559bdf72079b,2026-04-13T18:38:36.539061,Engenharia de Software,SUSPENDED,8.8,60,25
7b7e45d8-d1e2-4e0f-9d75-668b4320ca17,2026-05-08T03:53:54.473600,Direito,GRADUATED,1.5,64,0
ed65905c-1b91-4275-99df-43a059486a81,2026-06-02T22:43:22.143158,Direito,DROPPED,3.3,99,25
2efeddf0-94e9-40d7-842a-2fd7f1dadaf3,2026-05-12T23:49:25.884111,Administração,GRADUATED,8.9,75,100
935c43ae-8c49-42d0-a493-5026e8a5a3a4,2026-02-13T12:31:26.933275,Engenharia de Software,DROPPED,1.1,81,100
bdd8b462-7bb9-49ce-89d5-42efe11ff74d,2026-05-22T07:40:37.714025,Direito,SUSPENDED,9.4,69,25
46bf2a38-70f4-4ae5-af78-07213df47776,2026-06-01T11:17:39.490802,Ciência de Dados,ACTIVE,4.4,75,0
a0f50034-3c8c-43d8-948f-b1cc17c2e035,2026-06-04T07:27:14.723659,Ciência de Dados,GRADUATED,9.9,96,50
8a8cf095-224f-4ae2-80f6-d3cb00c18a26,2026-04-30T22:30:34.541649,Administração,ACTIVE,9.6,85,0
d7507ccc-62e5-4a7f-b8ee-89083db97a81,2026-01-01T07:49:02.923097,Engenharia de Software,ACTIVE,9.7,68,25
c0ccc7dc-49a1-4f00-a110-a7d43ce7517f,2026-05-23T10:23:10.357317,Administração,DROPPED,3.1,84,0
85147cba-bb9e-4653-a450-ce11d1a108e4,2026-03-04T16:54:42.882787,Engenharia de Software,DROPPED,3.2,96,0
2d4ad713-ca17-4dca-95e1-37adb239fb39,2026-01-30T23:30:14.667723,Engenharia de Software,SUSPENDED,1.7,65,50
accb4120-c67e-4ca5-8216-68b1a053b5cc,2026-05-19T19:37:01.044526,Administração,GRADUATED,8.8,65,100
8f00be3e-c04f-4c9a-a5bb-12dde6b2ab97,2026-02-05T19:53:24.042553,Engenharia de Software,SUSPENDED,2.5,67,100
630c6fe7-8e8a-49ce-914c-7f2e79f9a296,2026-02-23T15:17:17.370777,Ciência de Dados,GRADUATED,7.6,78,100
7c1dcd3c-f81e-4a83-a85a-6939dd704555,2026-01-28T23:43:20.868839,Engenharia de Software,GRADUATED,3.1,84,0
370d5e58-55b0-474d-8a14-ebe86a0da20f,2026-06-07T12:50:50.333433,Ciência de Dados,GRADUATED,1.3,62,25
58f22c07-252a-4520-8cb0-b119c931ca56,2026-05-26T08:41:53.349223,Direito,DROPPED,8.2,95,100
1ee6bb93-4eb8-4e2d-b9e3-cce704e11786,2026-05-23T14:17:42.626847,Ciência de Dados,DROPPED,4.2,85,25
06c4d75c-de64-48a6-8404-c986da3c4804,2026-04-08T06:35:11.815080,Ciência de Dados,ACTIVE,6.7,75,50
20ca8501-9fa4-419a-9588-40bc2cd17222,2026-05-17T22:20:57.290714,Administração,ACTIVE,7.8,93,100
4d0e0843-db2c-4007-8739-dd565c154c81,2026-04-16T06:17:10.174864,Engenharia de Software,GRADUATED,7.4,75,25
13b3e22c-79e9-4e5e-b163-888a4e8d7c96,2026-02-28T19:06:47.568467,Administração,DROPPED,7.7,97,0
0458f833-ac35-49d7-8a3b-dde8732f42c9,2026-01-08T11:38:42.547591,Administração,ACTIVE,3.7,94,50
0b7fca9c-6b64-447a-a0f0-2a140612ba9f,2026-04-23T11:47:33.702391,Ciência de Dados,SUSPENDED,4.1,85,0
e02ff463-5c3d-4e39-8280-64a67c75a16f,2026-03-30T13:57:13.174830,Direito,SUSPENDED,4.1,53,25
a7725a89-7d25-49d4-a434-33cfd54622bc,2026-03-05T08:01:13.002806,Administração,GRADUATED,0.6,53,100
c1114420-2e68-480b-aae0-9b966b6f5369,2026-04-04T18:40:51.562631,Ciência de Dados,ACTIVE,10.0,97,0
52551ac1-406c-4453-8495-9f613969871c,2026-03-08T04:50:44.443542,Administração,SUSPENDED,2.3,64,0
0abe099f-2143-46e0-9b16-da1f3f820e6f,2026-03-18T09:51:14.114653,Engenharia de Software,GRADUATED,6.2,95,100
1d26baf4-7e2f-4aaf-a5d7-b06ef4cf439e,2026-01-26T06:59:41.449447,Administração,GRADUATED,1.0,61,25
940976c5-4699-4108-b013-a0e46e08234e,2026-01-26T21:15:09.080649,Ciência de Dados,ACTIVE,2.3,53,25
f720747e-e2ea-45a7-829e-7443b06c33bd,2026-02-08T21:33:25.234215,Ciência de Dados,GRADUATED,1.0,97,0
6d971605-7c8d-456c-a8ad-07564dcdfb9c,2026-03-25T21:18:36.400921,Direito,ACTIVE,6.7,61,0
de340889-a432-442d-9735-be90653d193f,2026-02-11T12:49:56.229074,Ciência de Dados,ACTIVE,3.4,51,50
ce8d2442-22e3-468e-bc97-71f949281871,2026-04-19T18:41:44.236718,Engenharia de Software,DROPPED,6.5,66,25
f431dbd2-65e7-43d5-94b3-b6fa19d4cba7,2026-05-24T02:54:02.484341,Ciência de Dados,DROPPED,0.3,60,50
9bea37a3-3a3f-4704-807d-ab7edd775910,2026-03-10T19:08:39.613842,Direito,DROPPED,9.0,55,25
6b8fe60c-44df-41bf-b764-a530467b7872,2026-05-09T02:51:37.022644,Administração,ACTIVE,7.2,50,25
fdd08d4f-bd1e-408b-a58a-dbd0df6b4081,2026-01-20T10:19:13.283811,Administração,DROPPED,3.6,69,100
3da16b8e-6152-44f2-92bf-33eb5df732b1,2026-01-25T03:02:13.886537,Ciência de Dados,DROPPED,2.5,93,50
b80334d7-f49f-4cf6-ac1c-52a690a841df,2026-04-14T18:19:46.839896,Engenharia de Software,SUSPENDED,3.2,84,50
c6558465-04af-4f6c-bf1f-4d2a9938fe87,2026-05-16T17:17:40.190245,Administração,DROPPED,5.8,70,50
57a8bce0-0f82-45c4-87a9-feaf041e1362,2026-03-10T11:56:36.204004,Engenharia de Software,GRADUATED,1.7,95,50
3fb8a25b-be0e-4e6b-a08b-3f6a2fa8b447,2026-05-18T08:01:12.804568,Engenharia de Software,SUSPENDED,2.9,56,0
90e60854-da54-4476-b1e2-931e5585afb9,2026-03-17T18:16:17.536891,Direito,SUSPENDED,5.9,93,0
aec43937-b5cc-4b2d-8eed-346d1f3a7b49,2026-01-13T19:17:30.830454,Engenharia de Software,DROPPED,5.3,86,100
31f4031b-c976-4368-81c5-b02eb2f03734,2026-01-31T05:48:15.289831,Ciência de Dados,ACTIVE,7.8,94,100
aec70959-2d32-475e-9558-54c74e3687f8,2026-04-17T01:27:57.982901,Engenharia de Software,GRADUATED,6.3,60,25
caa43423-477f-4b1d-b1d4-989e2f3e7880,2026-04-09T14:34:46.977333,Direito,GRADUATED,2.3,73,25
c1682d7f-f9d9-4954-bf75-77800fae292c,2026-03-19T08:03:52.487139,Direito,ACTIVE,9.5,74,100
72793a99-d376-4366-9d74-508e9108587c,2026-03-01T01:40:59.794219,Administração,GRADUATED,6.8,86,50
0f1e51a8-4b51-4a1d-a97f-4893490c2109,2026-01-15T02:49:23.985328,Engenharia de Software,ACTIVE,9.0,81,25
547cc3bb-c160-42e1-af0a-4fa975c6b6a4,2026-05-29T22:09:28.077509,Engenharia de Software,GRADUATED,3.6,69,100
1b2024d6-664f-47b7-9503-62346de9eb81,2026-05-10T11:22:17.784426,Administração,ACTIVE,1.8,95,25
e59d8e95-3d8f-4ccf-a038-6ed75752782c,2026-02-06T22:53:24.319843,Ciência de Dados,GRADUATED,7.7,75,25
74759473-b261-4630-a3d2-cc5ab74f785b,2026-03-31T08:18:09.575644,Administração,DROPPED,6.8,75,100
a56ba8b9-2656-4343-a971-cf4a04f73498,2026-01-15T13:29:59.484969,Administração,ACTIVE,4.8,87,25
2338f6d3-3953-487c-a1f5-6125043a28e7,2026-03-03T04:44:55.464153,Administração,GRADUATED,7.5,60,100
1db71ebb-2ac6-4200-9e2c-fc50908a227f,2026-05-09T05:32:21.396853,Ciência de Dados,GRADUATED,4.5,86,25
bc109392-8568-440f-b2b9-636e231e6628,2026-03-15T01:43:13.784026,Administração,SUSPENDED,3.4,100,50
74a3cb72-2e4a-4582-8af7-e1b9017e2f53,2026-05-29T09:53:09.812964,Engenharia de Software,GRADUATED,6.7,83,100
ec28370d-9e29-459d-ad7b-82b3b12803f7,2026-01-22T21:10:31.327969,Administração,ACTIVE,0.1,98,0
1666c8b3-455f-4ca0-a178-03c05a0f7be9,2026-03-01T06:49:52.660922,Ciência de Dados,DROPPED,3.3,51,100
2f056f03-f206-4073-bc19-35b8a78bd801,2026-03-19T22:40:16.462540,Administração,GRADUATED,6.1,62,25
e5d16e29-3fb9-4137-ab29-aefeaae2fd73,2026-02-11T08:58:39.256594,Direito,GRADUATED,2.9,83,0
f798d0dd-4317-4a7b-95cb-003c24ca74a4,2026-01-29T17:03:17.345849,Administração,ACTIVE,6.0,73,100
346e5c54-e550-49a7-b4ef-825ac0c86562,2026-02-06T18:04:16.052034,Engenharia de Software,GRADUATED,6.8,82,50
05e1f34f-7833-4cf9-a8c4-2b3cea05f0f6,2026-03-21T15:26:53.937065,Direito,GRADUATED,4.5,72,50
291665a8-affd-4e39-a0e8-ba91ac75ea59,2026-02-24T11:19:16.766854,Administração,SUSPENDED,6.0,55,25
0af47f41-3f94-4bc4-861d-4aa4daec91e8,2026-02-28T02:02:03.241457,Direito,ACTIVE,1.1,86,100
45293b92-d343-45d4-a913-e072af84f452,2026-04-09T10:03:27.257554,Engenharia de Software,SUSPENDED,3.9,72,25
f8a84dec-1fbe-49f1-9849-c184d1f1f71c,2026-02-02T16:38:44.394161,Administração,ACTIVE,7.9,64,50
c2549c10-6ea2-487c-97f7-2e0ecf597847,2026-01-10T21:15:03.965381,Administração,DROPPED,3.7,75,100
2172b283-a14f-4788-bb6e-5d78c8e2a5cb,2026-03-16T01:59:21.071479,Engenharia de Software,SUSPENDED,0.4,99,25
193d2838-73e5-4526-a416-f1b5343e71ba,2026-02-26T02:10:39.952250,Ciência de Dados,ACTIVE,9.7,86,25
b2acf30c-c892-4292-9ace-a1dc3875efaf,2026-03-10T20:37:32.494730,Engenharia de Software,DROPPED,8.1,58,50
1e067935-17d8-47de-b67b-b818d9b228af,2026-05-17T08:09:20.843134,Administração,GRADUATED,2.1,92,50
927771fc-1610-48c1-b331-de9cdde9f819,2026-05-14T09:35:24.265614,Direito,GRADUATED,2.1,87,25
a6ac13d6-294d-47e0-b99f-cc93e671db53,2026-03-06T04:59:56.293770,Administração,DROPPED,1.1,62,50
ec88ca60-eaef-49f6-b7ba-50c9696d544d,2026-02-11T07:32:10.417026,Ciência de Dados,DROPPED,0.4,63,25
f3f312bf-438c-451b-a89a-38f51b1e5124,2026-05-11T03:34:33.290117,Ciência de Dados,DROPPED,2.8,70,50
04d6002a-a1ff-476d-ac95-7ee08a205348,2026-01-15T20:42:21.397338,Ciência de Dados,GRADUATED,5.5,96,50
1bd1e049-9b26-4234-ab91-0bec3166a2c4,2026-01-05T15:05:56.154259,Administração,ACTIVE,7.2,91,100
9f857004-4bec-4163-9a8c-d46c2860c7dd,2026-02-05T02:51:29.948664,Administração,DROPPED,8.8,82,25
4cb84275-1d89-46d8-bafb-38384ad3faa9,2026-05-29T04:11:38.346263,Direito,SUSPENDED,0.9,64,25
af29ab77-87a8-441d-97c1-d207392135b0,2026-05-04T18:25:24.539726,Engenharia de Software,ACTIVE,2.2,78,0
9d8d416b-9536-47da-8efa-9c7c6b4b68a4,2026-05-07T02:41:22.204831,Direito,ACTIVE,9.2,95,50
0e2704ee-7e8c-4362-8ae7-6a8f333b9317,2026-04-12T21:57:13.102925,Direito,ACTIVE,4.2,76,50
d8f9890e-c2c0-4c3d-a0e3-c49db70d2644,2026-01-10T02:13:51.650234,Engenharia de Software,SUSPENDED,9.4,62,50
c91beb75-1ffb-41b6-8658-e092c580470d,2026-04-06T00:57:43.306820,Ciência de Dados,GRADUATED,3.5,85,100
e2a8fc18-f42e-448f-a578-691141550a56,2026-02-01T10:32:03.927549,Administração,DROPPED,0.6,76,100
ebf85a0c-629b-4127-ade0-36b587b456fe,2026-05-16T17:49:58.540821,Administração,SUSPENDED,0.3,93,100
73345983-028a-4843-823c-4f917d9e7285,2026-04-04T10:48:31.786391,Ciência de Dados,GRADUATED,8.8,81,50
9d02dc0c-2c75-43e8-80d8-80b6f04bf174,2026-05-15T11:48:10.141554,Engenharia de Software,SUSPENDED,7.9,70,0
f09ceeb0-5142-464e-ab8d-ab6c1449a44e,2026-03-02T14:45:40.097390,Engenharia de Software,ACTIVE,0.3,95,0
9301b32b-4804-4fb5-8b21-d3371fe8d2a8,2026-03-18T17:51:09.981305,Administração,SUSPENDED,2.6,53,25
ff94e837-ba91-4486-a348-d9913e3cf61c,2026-03-09T23:55:04.472650,Ciência de Dados,GRADUATED,4.2,96,50
042571a9-418c-4fe5-8de9-7e20e77f16b2,2026-01-07T04:06:25.370064,Direito,GRADUATED,1.5,93,0
952686b9-64f0-4337-8aa2-2d3dde49d9a7,2026-05-29T13:01:33.384828,Ciência de Dados,GRADUATED,0.7,59,25
e28d95df-6c2d-44a4-9f22-df1b1495b154,2026-05-09T02:03:00.384607,Engenharia de Software,GRADUATED,9.6,99,0
8eaefb24-b22b-4564-bb80-7f40e958ee4f,2026-05-27T02:48:08.346540,Direito,ACTIVE,0.9,59,0
e611ff94-44e5-456f-bf11-e32c5672994a,2026-03-01T15:30:11.804875,Direito,DROPPED,8.7,92,0
9bbdcc04-ee76-4cff-ba7f-c0239bb38927,2026-03-15T15:47:53.764764,Administração,ACTIVE,2.6,73,100
0172b215-a885-4837-808c-e8b43c870c00,2026-01-12T07:29:15.982421,Direito,GRADUATED,7.9,51,50
45c682de-1f59-4c47-ac10-0154c346ad63,2026-02-04T18:02:23.471174,Ciência de Dados,DROPPED,3.2,85,0
32d0cedd-0573-4354-bbaf-05a5a41ac37e,2026-01-28T19:08:50.570340,Ciência de Dados,SUSPENDED,7.0,88,100
7f0774da-ec42-48d4-ae16-acd74a0df4d8,2026-03-27T21:45:03.148131,Administração,SUSPENDED,9.0,73,100
4ee2c9d2-dcd0-4e51-a64a-3adcf332dd3b,2026-01-23T06:10:41.874927,Engenharia de Software,ACTIVE,8.7,60,25
8dc1314c-d0d6-4bea-bfa4-f418ae31da34,2026-01-13T19:42:58.377409,Direito,DROPPED,2.1,53,0
0a4c875d-bf43-44bc-bdc9-a2db259cb633,2026-01-30T09:08:10.884307,Administração,GRADUATED,1.6,85,0
18286e34-adc5-4b1b-8286-ce743a7bcd16,2026-03-30T00:54:38.688972,Engenharia de Software,GRADUATED,6.8,90,25
32aa1f9d-0998-4b39-a4e2-ffe5505de302,2026-05-02T10:35:34.503617,Ciência de Dados,DROPPED,0.2,59,100
b36c4c28-9b2c-427e-b834-737c8a5bc97b,2026-05-21T09:10:47.032927,Administração,ACTIVE,3.9,77,0
1f460d5d-511b-48e9-8ce9-95cac50524c0,2026-03-15T01:25:56.443103,Engenharia de Software,SUSPENDED,6.2,77,50
29742f98-0e36-4974-9019-4ec041ebe47d,2026-05-10T06:08:07.852368,Engenharia de Software,GRADUATED,3.5,59,50
629f01f0-20c4-449c-8a79-372c9c096c5b,2026-05-19T04:49:18.462144,Administração,SUSPENDED,1.9,60,100
69f65b91-9465-44bc-8f85-716068222e06,2026-03-09T01:44:32.987058,Administração,ACTIVE,4.8,51,25
cd1c232a-dfde-42e9-af1b-48e3d2f639fd,2026-01-04T05:27:24.257369,Ciência de Dados,GRADUATED,3.2,87,25
3bfaffcd-3392-4736-9093-3c7ee39fcf4c,2026-03-31T07:05:05.176696,Ciência de Dados,ACTIVE,4.9,66,25
e35ebe69-05ab-42dd-ba9a-515813f593d8,2026-04-06T06:11:29.539807,Ciência de Dados,GRADUATED,5.6,80,0
4e6693ae-9ab4-4bd3-a2f2-44cf50bac1b5,2026-04-30T14:31:51.506025,Direito,GRADUATED,8.8,63,25
aa7e517a-21f0-4fc8-801b-b90e17085752,2026-03-28T10:41:06.891556,Engenharia de Software,GRADUATED,4.9,55,25
ccd47c84-029b-4fa6-af34-42977952af11,2026-01-20T11:52:17.474538,Engenharia de Software,ACTIVE,9.8,63,50
07b1e1a5-946e-4a8e-8e0f-9f5901d1db57,2026-04-19T10:50:31.492072,Administração,GRADUATED,10.0,76,25
9970f19c-52f3-4c69-afc9-eb3bd73dc993,2026-06-03T19:51:08.614613,Direito,DROPPED,7.2,55,100
cd53feed-fc0c-4e7f-ab99-036860268caf,2026-03-08T03:55:43.746091,Direito,ACTIVE,4.6,97,100
25ac89dc-aae6-4d5f-afb0-436f489f57cd,2026-01-09T05:30:59.761789,Ciência de Dados,DROPPED,7.8,76,0
9bd777db-75b2-4213-8d05-7bb944820c5b,2026-01-25T01:55:32.616750,Engenharia de Software,GRADUATED,0.8,69,0
7b087abb-2e9f-4b5c-80af-f927dbc40627,2026-03-26T01:20:58.049434,Administração,ACTIVE,5.4,75,50
6ce2f611-ecda-49d3-a01a-aa414277a123,2026-04-11T09:30:15.342305,Administração,SUSPENDED,1.9,70,50
47f03d5d-afee-41c2-be44-213eb0cebb9b,2026-01-20T07:29:27.979478,Engenharia de Software,ACTIVE,6.1,90,0
f93f425a-74ce-4f9e-8675-51e2ff4390a6,2026-02-26T18:40:45.903899,Engenharia de Software,DROPPED,8.7,64,0
1668bb1f-257d-47f7-9df6-95b6d7c61a69,2026-01-02T20:07:56.107437,Ciência de Dados,ACTIVE,7.9,83,0
f53c8397-9d0a-4b57-9c38-286513ab1623,2026-01-07T09:51:03.818800,Engenharia de Software,GRADUATED,8.4,95,100
97f438d8-f9c1-4369-b2c9-e471491f7ad1,2026-03-27T06:51:50.521357,Administração,SUSPENDED,9.1,80,25
7ca11d97-236b-4862-b8e5-e8b7ae96eb9a,2026-01-27T17:11:16.235105,Engenharia de Software,ACTIVE,0.3,65,100
52ccffed-e99e-4f5c-acb4-bf9d08c4ea16,2026-03-13T04:20:34.456915,Ciência de Dados,SUSPENDED,8.5,52,50
33396cdd-2ba5-40ca-8a77-f42e018df98c,2026-03-06T19:50:54.009483,Administração,DROPPED,0.2,100,50
8e081819-afda-47d1-8e93-0e706949fbe5,2026-04-17T11:15:21.416678,Ciência de Dados,SUSPENDED,2.6,79,50
3c774aa8-a09a-4424-9e1d-ecc5073fa519,2026-01-26T11:51:51.396854,Ciência de Dados,DROPPED,2.8,78,25
96fb78bd-68dd-48ee-9a5e-200107632b3c,2026-05-08T19:43:50.186834,Engenharia de Software,GRADUATED,0.6,76,25
15fb4fdd-37b7-442d-8e5c-9f38b325f4d5,2026-01-25T21:56:45.244224,Engenharia de Software,GRADUATED,1.9,51,50
e35704d7-65b5-45a8-8048-424ad0f5ca78,2026-06-05T20:33:28.023581,Engenharia de Software,SUSPENDED,8.9,99,25
2335ff3f-f4fb-4073-8312-148895b79b52,2026-04-04T02:50:00.180693,Direito,ACTIVE,8.2,88,25
7af3ea1f-4dac-43e0-b54b-9080702a6d29,2026-04-21T13:06:25.820081,Ciência de Dados,DROPPED,6.4,75,0
331512ef-d4c0-48c3-9004-482e4566964d,2026-01-18T12:45:54.494737,Administração,GRADUATED,1.9,90,25
57f2a9b7-165c-4390-a696-89c5be530712,2026-04-27T09:01:44.849983,Administração,GRADUATED,10.0,77,50
bd9ccf67-e776-44a4-8f5b-d295e8ae017b,2026-05-28T12:04:02.802085,Direito,SUSPENDED,7.4,86,50
e3ce951b-387c-4db6-90bb-3ad56fded13f,2026-03-04T07:42:51.424293,Ciência de Dados,DROPPED,4.6,83,50
b1478d37-936d-4adf-9f07-f1b1d947fb09,2026-05-12T16:24:47.609195,Ciência de Dados,GRADUATED,7.8,97,25
c38e7d7e-ff4b-4f39-9b74-97c66d952944,2026-04-30T08:03:42.931259,Administração,SUSPENDED,0.0,58,50
fc39998e-9185-4ada-8053-cebdf0cbf1a4,2026-04-20T05:31:46.534389,Direito,ACTIVE,0.7,50,25
4067a8f7-a7a6-4366-95e2-fbe61d53eebe,2026-02-13T05:11:14.877457,Direito,ACTIVE,7.6,76,100
cc549e00-6d84-4379-8589-f35f50f2b1a6,2026-03-02T03:57:31.147427,Ciência de Dados,GRADUATED,9.6,66,0
73a4c180-47a5-40bc-9779-b122578621c2,2026-01-12T04:32:18.166855,Administração,ACTIVE,6.4,61,100
0be5ab37-d614-4940-a2c5-a577fbc025b7,2026-01-09T10:58:59.304655,Direito,SUSPENDED,3.5,75,100
e0d12259-41ec-4e4a-abf6-322f9de99bdb,2026-02-02T16:47:27.222103,Administração,SUSPENDED,3.1,71,0
ffccb4fc-c617-4bde-93b7-69c45c10284d,2026-02-02T03:21:10.480918,Ciência de Dados,GRADUATED,4.5,52,50
c93a2ee5-cb55-435a-af80-62d293c38cad,2026-03-16T11:26:20.992210,Ciência de Dados,GRADUATED,5.5,98,50
a03f0bf6-0c9c-4733-b85e-f5415ffb45be,2026-04-11T12:09:33.747510,Direito,ACTIVE,1.6,83,0
a2a6340a-bf5f-45f5-9408-f34b3aa2562e,2026-01-09T14:45:30.201098,Direito,GRADUATED,5.7,53,50
d00752e4-a12c-4c1c-9857-bd4beddbbde5,2026-02-08T16:17:12.843608,Administração,DROPPED,2.6,52,0
f049cd7e-b909-4eb4-bf8a-fbe0ecf91281,2026-02-20T19:14:40.020398,Engenharia de Software,DROPPED,0.3,55,100
a0013779-6d20-4881-bf56-f46d5770c460,2026-05-07T17:55:12.776872,Ciência de Dados,DROPPED,5.3,84,0
b33c3ff4-8191-435e-b11f-49a02b3adff0,2026-05-09T05:11:47.714891,Ciência de Dados,SUSPENDED,9.6,60,25
e4e9b82a-886b-4818-8422-53abb8fe9546,2026-05-19T05:41:10.822360,Ciência de Dados,ACTIVE,8.2,100,100
bf2d2b9a-d3ea-47e3-8bf2-d9a990ee6dfe,2026-02-11T20:29:40.695077,Engenharia de Software,DROPPED,5.7,68,0
ba4ea347-5f1c-48ea-b299-75195151c59a,2026-01-24T08:04:00.526110,Direito,GRADUATED,9.5,76,100
99cb8619-8c5d-458a-8da4-2c75ca1d4805,2026-02-04T09:50:50.326831,Engenharia de Software,DROPPED,8.4,51,25
ddf8e732-58db-471b-bf46-035089bf9627,2026-01-05T07:09:42.849715,Engenharia de Software,DROPPED,1.6,82,25
c77abcb0-1b80-4dce-bb3b-b1da40b64702,2026-06-04T01:42:00.539191,Engenharia de Software,DROPPED,4.4,66,0
658a8b84-6a2a-48d9-abd7-ca872ca389e2,2026-04-08T23:19:19.087755,Direito,ACTIVE,5.0,92,25
3f146dec-14a1-4ee1-be70-0a4b96ed1650,2026-05-27T19:19:06.622057,Ciência de Dados,DROPPED,6.4,89,100
53d1632c-5619-4e2a-b1f6-277ccb866edb,2026-05-28T20:07:08.021155,Engenharia de Software,SUSPENDED,1.3,82,25
ec2b8c36-1c8e-44d0-a395-427d4729e824,2026-01-21T07:40:27.436140,Engenharia de Software,DROPPED,3.5,86,100
1139bdb6-8bea-4da5-a4c1-8d8397140421,2026-04-08T22:14:56.667449,Direito,GRADUATED,4.7,62,0
8489a97c-f09e-4b8b-a07f-afdc6bbc2d06,2026-02-24T19:11:01.092942,Administração,DROPPED,5.3,78,25
85aefb9b-ad22-4b0e-8552-a2405ee7bd1a,2026-01-14T00:08:23.580316,Engenharia de Software,DROPPED,8.9,78,0
a463675a-7a26-49a6-94bf-5db2b6d8f855,2026-04-10T17:23:01.876674,Ciência de Dados,SUSPENDED,2.9,64,50
6d54f3fb-304a-41b7-bd63-db935a444597,2026-02-27T21:12:44.947706,Ciência de Dados,ACTIVE,9.3,98,25
bb1815a9-6645-482f-b5e6-cc00b4ab83be,2026-03-02T06:21:22.083839,Ciência de Dados,DROPPED,4.3,75,25
fde79c84-1d8c-466c-90b6-2e01c303a13d,2026-03-18T13:46:38.215084,Direito,DROPPED,3.1,90,100
005a3c12-ff82-43ce-b2f4-7508b0ce480a,2026-02-04T20:29:07.821310,Ciência de Dados,GRADUATED,7.6,83,25
4f8cc253-7ab6-4926-bbea-e55c394b858d,2026-01-07T03:22:27.992180,Engenharia de Software,ACTIVE,3.7,73,100
29a510d8-5267-410d-9da0-c389d7354a2d,2026-06-02T14:07:54.280951,Engenharia de Software,DROPPED,4.7,99,100
9c5ed4f6-c443-416d-91a4-de40c2f66bc0,2026-03-01T15:49:54.295127,Administração,GRADUATED,1.2,50,0
bb03abcb-80ab-4876-b54e-9d394111f99a,2026-01-29T11:04:53.104736,Engenharia de Software,DROPPED,4.7,81,25
4e658391-f77c-4fe8-83dd-992b67686d07,2026-03-12T07:20:02.546953,Ciência de Dados,GRADUATED,7.9,79,25
e995763f-ae71-4e7a-9925-773aa24dd0cc,2026-05-12T18:37:31.691334,Direito,DROPPED,1.0,55,0
e7db784f-e755-4488-a210-e8b496e9af06,2026-04-28T07:16:19.235355,Engenharia de Software,ACTIVE,6.1,50,100
22d8c24f-6f67-4ed6-8024-b158cc5d0671,2026-03-16T00:55:11.107517,Ciência de Dados,GRADUATED,7.7,73,0
b2333812-c52a-4acd-b3bd-6b81e6475627,2026-03-04T18:56:20.806818,Administração,ACTIVE,6.2,96,100
44c4ac6b-5554-4171-a123-e1e656406d6b,2026-03-30T00:46:15.783803,Ciência de Dados,ACTIVE,9.4,51,0
6ef8f350-2255-4de9-9ad6-6de70139c63d,2026-04-22T12:10:20.593973,Direito,ACTIVE,4.8,99,50
cf2eaebf-3419-40e9-b5a7-59c5bc71f58d,2026-02-19T13:31:41.342023,Administração,DROPPED,3.5,98,25
e7416d77-bcf1-4f77-9647-ea04bd3ddf62,2026-01-11T16:56:49.364186,Direito,ACTIVE,9.9,60,0
8ed4036d-1cdc-4d37-84c1-0ce7f8bd330d,2026-02-26T10:54:48.400305,Administração,GRADUATED,1.4,53,100
8981f70a-60ac-4eb6-b508-786e1fc4ddeb,2026-03-10T19:08:02.157739,Administração,ACTIVE,7.2,89,100
b1677fe9-01bc-4a9b-b686-f5d6f746238c,2026-03-08T08:11:06.066410,Engenharia de Software,SUSPENDED,6.8,79,25
dbcb9284-0068-451c-8849-c774b7780b22,2026-04-03T09:18:58.117838,Ciência de Dados,DROPPED,1.1,70,50
af574257-7af4-4e89-8684-4e950405f633,2026-04-03T06:17:15.055000,Engenharia de Software,SUSPENDED,10.0,73,100
068065c3-7855-41a8-b187-ad7fa3e3cd14,2026-02-26T03:59:27.479471,Administração,DROPPED,4.1,93,100
7a1f33ad-7ab5-4fe7-b8bd-b60c6e8625ff,2026-01-26T03:42:50.581451,Ciência de Dados,ACTIVE,6.0,95,25
881c2b46-bf4f-4ed5-b819-f50677275c50,2026-04-13T13:34:04.456589,Ciência de Dados,DROPPED,5.3,93,0
ef690a75-264d-475c-bee4-bc5a48ef7554,2026-03-03T15:56:45.128143,Engenharia de Software,ACTIVE,9.6,67,50
a51abd81-77ae-4bd4-8677-1bbe7cdbb4db,2026-04-23T07:01:52.314386,Engenharia de Software,DROPPED,0.1,54,0
fd7f8139-b084-4d3b-b843-e56487b2193d,2026-05-25T22:54:10.201895,Ciência de Dados,SUSPENDED,0.0,94,50
8b77f25d-c113-43a3-b66f-81148f2c2e6d,2026-05-11T05:45:51.138592,Engenharia de Software,ACTIVE,1.8,53,50
5a694b75-9cb1-4f90-8a74-8af0fb6ff5bf,2026-02-01T19:42:27.369031,Ciência de Dados,SUSPENDED,1.9,86,50
e0555df7-0942-4bbf-aaa4-770574392843,2026-01-21T02:45:03.420342,Engenharia de Software,DROPPED,8.2,68,50
44096ad5-a294-4b9c-980b-4ef86b905912,2026-03-02T23:20:12.266357,Direito,DROPPED,5.8,97,0
46ffb667-3c31-4d86-b761-847c78660996,2026-02-17T13:39:13.136385,Ciência de Dados,DROPPED,2.5,51,0
b9186759-2be6-43a7-86d0-a48339bc347f,2026-01-12T12:36:59.189268,Engenharia de Software,ACTIVE,3.4,100,100
01608882-a4de-4f8f-bcc9-d5e22da17047,2026-01-13T09:17:15.235764,Ciência de Dados,SUSPENDED,0.8,59,0
e71c65e5-f251-48a5-a69b-a771a7594d26,2026-01-05T06:18:41.457096,Engenharia de Software,GRADUATED,5.7,66,0
dcc5a693-0e24-4ead-b06f-ed9691c9bf9f,2026-01-03T03:37:59.590052,Direito,DROPPED,0.7,95,25
1bb9eb90-74ea-4be4-baa7-9a4dab464104,2026-04-01T05:12:23.309627,Engenharia de Software,ACTIVE,1.3,60,50
a95054e5-3c09-4b72-a335-91d48842f9b3,2026-03-15T05:26:20.415959,Engenharia de Software,ACTIVE,6.7,87,100
0148a184-101f-441b-8311-0f5d7d507e97,2026-05-05T12:40:19.021257,Direito,DROPPED,1.4,77,25
29b7dad2-c62d-443b-b92d-7735f7690a36,2026-01-29T23:58:38.478490,Ciência de Dados,DROPPED,4.0,83,100
45ff0c23-7bae-484d-a396-e9679dd8041e,2026-01-21T12:21:24.539779,Ciência de Dados,GRADUATED,4.0,68,0
a80dab44-d1f0-41c0-853e-b1a04134aa01,2026-02-20T19:38:26.935370,Ciência de Dados,GRADUATED,9.6,59,0
21bcef0e-bc7e-4531-9ee9-ce4e2d7aeda8,2026-05-03T13:57:44.205420,Direito,ACTIVE,3.5,72,50
a672e820-053d-4c24-9282-1460d0734bd3,2026-01-01T02:35:02.619068,Ciência de Dados,DROPPED,3.0,68,0
710eb0e3-cf64-4797-9b06-09d750523a8a,2026-02-07T09:58:18.039573,Engenharia de Software,DROPPED,2.1,80,25
63780884-c863-4f06-b494-85600fdad465,2026-05-29T21:04:41.221743,Administração,GRADUATED,9.0,73,50
49108bab-c957-4cb4-9817-2a495fcc73ae,2026-01-02T17:19:42.173622,Engenharia de Software,ACTIVE,8.0,72,100
ab1c0836-6d95-4e5c-bb46-db758f776577,2026-01-18T17:24:53.677050,Direito,GRADUATED,5.3,59,50
3e5a09a2-d381-41bf-9d87-48483c069ebc,2026-06-05T02:38:24.701638,Ciência de Dados,SUSPENDED,3.9,80,100
a70268ac-0cba-4781-8cbb-8d0c8bc62e3a,2026-03-22T01:33:54.257904,Ciência de Dados,GRADUATED,2.5,91,25
df62b786-f382-4ffd-a4b8-29198a21baae,2026-03-20T05:41:38.060930,Administração,GRADUATED,7.6,86,50
cc8e3cdd-11e3-428a-a260-dec79dde5405,2026-01-30T13:52:22.107848,Engenharia de Software,GRADUATED,0.8,96,50
0994c343-57ca-4fe1-9de5-fab6ee239d5c,2026-04-02T01:05:18.854923,Engenharia de Software,DROPPED,8.1,76,50
8a91f98a-530b-4091-8cd7-e8a601a32679,2026-04-04T06:44:53.735364,Direito,DROPPED,2.5,73,50
573b54ad-a1b9-4fc4-8e63-392f725e55e0,2026-02-27T19:25:49.670980,Engenharia de Software,SUSPENDED,2.4,56,0
6174c6f8-ac10-4c1b-92ec-f5cd710d10dc,2026-03-16T14:22:56.289410,Engenharia de Software,GRADUATED,2.0,89,100
ab5b6e84-1aa1-4070-824a-0bd5c7f51225,2026-03-11T17:18:05.250970,Direito,DROPPED,5.6,59,50
5c34cbde-f9b1-48d5-9094-6e0e13ac947d,2026-01-13T15:42:36.492593,Ciência de Dados,ACTIVE,8.6,100,0
cf342fe9-104f-4eda-8518-96b6083e46da,2026-02-10T21:08:44.737077,Direito,ACTIVE,2.4,100,0
26e32a8c-e7b2-4821-af21-5f1fa92254ba,2026-02-18T19:41:27.119851,Engenharia de Software,DROPPED,2.8,79,100
595c4a0a-377e-469d-86ab-6311f0658ba7,2026-02-28T03:48:57.608045,Engenharia de Software,GRADUATED,4.4,73,50
c0677e5b-b2e4-4047-b46e-00bd5c1ec333,2026-06-04T16:09:14.287755,Administração,ACTIVE,5.7,81,50
57ff9a2a-f304-4fbb-a44c-0413dac1f079,2026-03-21T20:41:29.640384,Direito,DROPPED,3.3,75,50
badd626f-9259-4526-9553-0758d41d3168,2026-03-19T19:40:55.779397,Direito,SUSPENDED,5.6,90,0
02dbba5f-22d2-4002-a68c-894214b8533b,2026-02-10T08:47:20.026109,Engenharia de Software,DROPPED,4.1,59,100
84e55eb5-c8b1-4794-9440-3eb8db79ca77,2026-01-27T08:53:44.675401,Direito,DROPPED,6.2,80,100
fdfc620b-9c43-4866-889c-384c1917a4ab,2026-03-20T18:25:54.149956,Direito,DROPPED,6.9,90,0
f0efae86-6a02-4605-b6fa-d5e9be1cf805,2026-02-17T18:40:08.867466,Direito,SUSPENDED,5.6,60,25
f14ffb3c-d019-4f31-a9e9-50f8356100e7,2026-01-03T07:40:53.506454,Ciência de Dados,DROPPED,8.6,70,100
b86730e1-24eb-4405-a903-59c763cfaa74,2026-02-09T17:20:54.496629,Engenharia de Software,ACTIVE,6.8,75,25
c058f249-20c3-4145-b54c-a62e0754667a,2026-05-16T17:25:20.941007,Ciência de Dados,ACTIVE,2.2,98,25
e570ca6c-af1d-40a0-b4c7-0f098aef7b1b,2026-05-22T12:06:55.402593,Engenharia de Software,DROPPED,3.1,94,0
32de2a60-3e0f-446e-a517-7bd066fcff91,2026-02-07T20:50:29.001366,Direito,GRADUATED,9.1,53,0
562e0b19-3994-43bb-b670-ba8f790408bf,2026-05-15T02:39:45.978936,Engenharia de Software,GRADUATED,2.3,61,50
22b0b569-37c0-49c7-9325-c6735b04d6b6,2026-05-22T05:47:49.190026,Administração,GRADUATED,7.8,89,100
107a9c14-39ee-4546-91a7-7f84174eb769,2026-04-23T19:24:59.241358,Administração,SUSPENDED,1.9,89,50
adad559b-07b1-4b91-b147-60863c751ca4,2026-05-12T09:31:55.276889,Engenharia de Software,DROPPED,5.1,63,100
c29b97ee-bf88-47d3-a8b6-7149fcb166b0,2026-05-14T12:49:29.755287,Engenharia de Software,SUSPENDED,9.6,94,25
0452b3ce-f783-4497-b2d1-251239d84fb5,2026-02-25T00:42:30.506923,Direito,DROPPED,8.0,89,100
fd365f13-369c-4077-a1c3-64c0e99646b8,2026-03-01T05:06:34.333603,Engenharia de Software,DROPPED,2.4,61,25
e3296348-100c-45d0-ad04-b8763359bc86,2026-05-18T19:41:27.800219,Ciência de Dados,GRADUATED,0.0,73,0
fb7f0943-23a8-46b9-abcc-167146fcd208,2026-04-03T17:12:44.615373,Engenharia de Software,SUSPENDED,8.7,69,50
5c26df0b-c06c-4b31-8976-006c5084cd13,2026-03-11T14:09:49.675305,Ciência de Dados,SUSPENDED,3.4,83,25
cbc9492c-a93b-4474-a397-f6bf75e93d5e,2026-01-25T10:37:30.367840,Administração,GRADUATED,4.3,54,25
281a545b-f0c4-4dd1-9479-4bd261deb9d0,2026-02-04T07:00:02.152762,Direito,ACTIVE,0.2,81,0
4a3f474f-b871-4720-8cf4-c64b10f66fc5,2026-03-05T07:47:50.211960,Ciência de Dados,DROPPED,4.1,74,100
55fb2776-1bd2-42e1-9ee8-2fdc63c89291,2026-02-05T18:15:29.439742,Direito,SUSPENDED,9.9,80,50
15e2345f-44a4-499f-9b7a-037f3f54a9ff,2026-04-16T19:12:39.467814,Direito,GRADUATED,3.6,55,100
16dd5209-ccc4-4eae-88c1-e1c363ae229e,2026-03-13T10:44:25.660565,Administração,ACTIVE,6.3,81,50
642cdd44-f84b-4f75-9e60-71dbbc5d77f5,2026-03-18T16:55:11.450577,Direito,SUSPENDED,7.8,50,100
a65617e6-1c87-4012-87ae-1b77ce43ee9a,2026-03-22T12:26:33.958012,Engenharia de Software,ACTIVE,7.2,99,100
021c21e3-decd-4406-82d8-09600bc1f4e6,2026-06-03T04:09:32.802015,Administração,ACTIVE,6.2,73,25
74b5d5e5-7f7d-4060-bad3-bcd639d01c15,2026-03-29T11:27:09.986478,Administração,DROPPED,6.9,99,50
4cc9b97e-8f24-49c1-807d-3ceb81439ce3,2026-01-16T20:22:36.461044,Direito,DROPPED,6.7,65,50
9ad30244-3af6-4155-8f30-b46a9625f93a,2026-05-05T19:29:12.989152,Administração,DROPPED,7.6,67,25
c2c37279-e700-4d99-a0a7-54f9584ae4ec,2026-04-07T13:09:35.709895,Ciência de Dados,GRADUATED,1.0,50,25
ca19f7f2-2002-48e0-b8f5-08da19bffe83,2026-05-16T20:01:16.696329,Ciência de Dados,DROPPED,5.8,98,0
b464d273-989f-44cd-8202-a469bf48137f,2026-02-18T18:22:41.448086,Ciência de Dados,DROPPED,6.1,92,25
d7e7b88a-a315-4331-8975-dac81b7df2ec,2026-01-04T06:37:20.073565,Engenharia de Software,SUSPENDED,5.7,70,25
62512322-21f6-48f1-b0f3-cbc11be94ccb,2026-05-06T09:31:28.641860,Engenharia de Software,GRADUATED,9.4,76,25
a65bdd12-6207-4672-b3cd-1beaa94a6c83,2026-05-26T23:57:39.976070,Administração,GRADUATED,8.4,98,0
5cf98e77-84a4-4a3c-b979-d8322e12da7d,2026-03-25T13:15:19.754379,Ciência de Dados,GRADUATED,9.8,86,25
0ab9af68-40a8-49ea-9a25-1b416ebec895,2026-01-09T13:21:14.721506,Ciência de Dados,GRADUATED,4.5,95,50
f4216562-b8ee-4fb1-aa65-b729c91733ad,2026-01-05T09:20:56.178574,Direito,DROPPED,2.6,73,0
2e1b3ba6-1931-4f63-afac-78c1e98b6821,2026-04-18T06:07:58.819635,Direito,ACTIVE,1.4,64,50
2a4a884c-ed91-4159-8000-a2cf32acaba1,2026-03-28T11:44:35.543154,Direito,DROPPED,0.2,88,50
231d93a2-f6a1-4a2c-92c9-97252196c550,2026-03-13T12:11:17.847172,Direito,DROPPED,8.4,50,50
38762268-dae8-4df5-8c93-2ed3b5ce72c9,2026-03-11T07:22:18.882075,Ciência de Dados,SUSPENDED,7.7,95,100
4bcd091e-3577-46f6-bfc4-a063ede6b2dc,2026-03-22T10:55:08.881060,Ciência de Dados,DROPPED,8.1,61,25
de67edbf-2592-4ab0-81f2-9b82b8446fca,2026-06-02T08:26:19.988099,Ciência de Dados,DROPPED,1.1,81,100
86d3bef6-9457-429d-b3b5-8725f6417889,2026-02-22T17:45:57.236175,Direito,ACTIVE,2.1,75,100
57746fcd-deb8-4175-b324-13724903163a,2026-04-04T13:31:49.174312,Engenharia de Software,ACTIVE,4.1,53,0
80bfb094-32e4-4c29-b690-a0eed1af8510,2026-02-23T19:32:43.478458,Administração,ACTIVE,8.8,86,50
02cb7876-9286-4290-b0ce-f444f8f69048,2026-01-28T16:36:10.097302,Direito,GRADUATED,6.5,73,25
b1da08d7-32f9-42e0-b5f0-ab0066b5c51b,2026-03-25T18:07:21.008037,Direito,ACTIVE,8.5,58,100
34c2051f-4699-4bbc-923f-6c8788e8251f,2026-05-08T19:21:34.173790,Engenharia de Software,DROPPED,7.9,55,100
67d31f42-9138-43cf-98e2-f684e0be4279,2026-02-22T05:59:54.538740,Direito,ACTIVE,0.3,57,50
ab507763-1299-40ca-8b3d-c40524fe0496,2026-01-28T07:35:12.806972,Administração,DROPPED,8.0,82,25
72fe8d3c-aabc-4d30-9a2e-81d2ee0a47e8,2026-05-10T15:25:09.395513,Direito,SUSPENDED,0.6,79,25
120291cc-f98e-4d85-af42-98a536a04517,2026-03-17T15:31:59.281763,Direito,SUSPENDED,1.8,68,25
8e1926b1-6f0d-4283-b4e9-7d42a966ba8d,2026-05-28T20:29:17.737781,Ciência de Dados,GRADUATED,9.8,69,100
1422b75b-de9a-4f02-ae73-a484a7156417,2026-02-11T09:58:25.053297,Administração,GRADUATED,1.8,82,0
25b8bf38-a991-4734-814a-780b8fef457f,2026-05-01T05:38:04.013961,Ciência de Dados,DROPPED,0.0,56,25
87c1ff27-987d-494b-bc36-815cf72b44c8,2026-03-20T05:55:20.062779,Administração,GRADUATED,5.1,98,100
8f31c9fc-46a7-4acb-8107-9ff842b42173,2026-02-11T19:22:07.305080,Engenharia de Software,ACTIVE,7.4,59,25
c0addccb-dcf9-4c2b-81e1-52af1713699c,2026-01-21T18:43:31.483758,Administração,DROPPED,2.8,62,25
162783ca-3ba5-475a-bbab-1902a7cde351,2026-03-10T05:20:41.083842,Engenharia de Software,GRADUATED,1.3,85,50
56077ee8-1c4e-4def-8c4e-49ef51adabc1,2026-01-26T12:47:14.402670,Ciência de Dados,SUSPENDED,9.7,80,100
f6a7ca6c-7b13-4cd7-a6ac-d89d7482dc25,2026-03-26T10:33:52.880000,Ciência de Dados,ACTIVE,5.9,52,100
c8b70ee7-6432-48c4-81ae-a59fc8d5c4af,2026-03-17T11:29:26.787979,Engenharia de Software,GRADUATED,8.7,91,50
2b86e40c-20b3-45ff-9e7e-10596fae88d9,2026-02-14T03:43:29.612426,Administração,SUSPENDED,8.1,62,50
1807f2e5-c5eb-45dc-9fdf-c918d7930504,2026-03-03T09:41:12.726071,Engenharia de Software,SUSPENDED,7.8,60,100
90ffffe3-e2f8-4629-8b90-75282ac97139,2026-05-31T04:51:28.660638,Direito,GRADUATED,7.4,56,100
00b62d79-4456-40b6-9471-3a8710831239,2026-03-19T12:27:00.709768,Administração,GRADUATED,1.1,65,25
c1b6e1bd-22d6-4919-81c9-c4cb68cb6846,2026-02-22T08:26:44.141469,Direito,GRADUATED,3.4,81,0
f8a6f633-d9ff-4a54-96cc-b7aa8d2d5349,2026-03-29T12:29:53.675225,Administração,DROPPED,7.9,78,25
28864d77-d20e-4196-9c50-e5bdcc1e22c1,2026-02-12T00:02:27.890794,Direito,GRADUATED,1.5,82,0
336a47fd-7a9a-4c11-83de-a90f13db313d,2026-01-20T17:16:09.981777,Engenharia de Software,SUSPENDED,3.8,92,100
6395c987-7b5c-4102-b1e9-12072db4b642,2026-02-08T18:46:48.397913,Ciência de Dados,GRADUATED,4.4,80,50
4ad5bc4e-3fa4-4318-9990-c150339e8ea8,2026-01-25T03:10:28.422342,Engenharia de Software,SUSPENDED,5.6,50,25
d8108944-ed8d-468e-b32f-49ce4bdcefba,2026-03-01T02:53:27.716257,Engenharia de Software,ACTIVE,2.5,91,0
4a4b3e0e-2261-45ef-983e-d06048d6ead3,2026-01-26T09:40:35.810013,Administração,DROPPED,7.7,73,100
e9d201cb-7616-4424-a51a-80bc1ffa3cf1,2026-01-29T10:55:50.625394,Engenharia de Software,SUSPENDED,0.8,53,50
1e285cc7-d945-465d-91f3-74aed96b8b07,2026-01-03T04:00:53.763695,Ciência de Dados,GRADUATED,0.1,56,25
63ea93a8-8fc9-4555-8f74-a1c2e927881e,2026-01-10T18:09:40.937740,Administração,ACTIVE,4.0,55,25
daee9a9a-12e6-4eb0-9499-b2380620fb3e,2026-06-03T01:45:40.089556,Direito,SUSPENDED,2.0,91,0
6714530b-7800-47fe-97a1-971aa21244f8,2026-02-15T20:44:36.568084,Administração,DROPPED,7.3,67,0
aeb3e781-3161-43f6-ad41-c8dcfd1be2c2,2026-01-14T03:36:50.297143,Administração,GRADUATED,7.1,50,0
f2783ddf-b573-4c5e-ba37-2ad23ddcba9d,2026-02-21T13:40:18.849655,Engenharia de Software,DROPPED,4.8,62,25
ca43e0e3-dde0-4309-b044-27cba9e12acd,2026-05-08T14:21:25.514125,Direito,DROPPED,1.1,66,50
e58a236a-4744-4ab3-8bd7-e3c735d4f047,2026-03-09T08:02:07.609898,Engenharia de Software,SUSPENDED,9.2,60,0
bba2ceef-1665-4cfa-a3bc-14256b274725,2026-03-31T12:39:05.055496,Direito,SUSPENDED,7.5,93,25
9f10f8d0-b1d9-4f75-9810-020187e83c0b,2026-03-24T10:11:39.902268,Direito,ACTIVE,1.4,50,100
f725f10d-a1c5-4fdc-8317-2c8a5d5795c0,2026-03-27T11:14:41.098399,Administração,SUSPENDED,5.7,80,0
63130bc4-7a6b-43b1-b062-15550dcc8a3a,2026-03-25T07:33:18.845873,Administração,DROPPED,1.3,85,25
54b25f4d-2599-4725-a432-9ceb0cb8f6ae,2026-03-17T10:43:22.683863,Ciência de Dados,DROPPED,5.9,98,50
7ee89982-8410-4214-9c3e-a15bfafd2daa,2026-04-08T04:17:32.945382,Direito,SUSPENDED,6.5,81,50
ae04ca9b-1899-491c-81d9-2c9062fa33f7,2026-02-07T22:29:21.639315,Ciência de Dados,ACTIVE,5.5,67,25
9320e760-3b07-477c-bd6f-6066dc686f40,2026-05-10T07:24:02.397570,Engenharia de Software,SUSPENDED,9.6,88,0
629c3fea-7f43-4fc5-b66e-6cfef68609ea,2026-01-15T06:05:52.228616,Direito,DROPPED,5.2,78,25
3add3992-2a3b-4423-9905-07f8a5dc60cb,2026-05-24T22:26:42.010609,Ciência de Dados,GRADUATED,9.6,55,0
e51442df-98b1-4624-81ab-41df717e459f,2026-01-01T14:14:49.779743,Administração,GRADUATED,9.6,92,25
402fd9d2-b55f-4f4d-872d-4f66e49504d4,2026-02-01T20:33:02.715964,Direito,ACTIVE,3.3,52,0
c4fbd616-b4f0-48d0-9a36-73a4cd44609c,2026-04-20T05:43:15.759645,Administração,SUSPENDED,9.4,78,50
2c33b881-94a9-46ae-b001-d870b1becd82,2026-04-12T01:32:27.965405,Administração,DROPPED,3.9,88,50
f4a9a9e8-4181-4cf3-81e5-6042f5bba32f,2026-01-31T23:59:12.456591,Ciência de Dados,DROPPED,3.8,85,0
59b360f4-a1c1-429b-802f-5daed8214ada,2026-03-05T23:32:12.148013,Direito,DROPPED,7.6,64,100
f6eabd48-b3b7-427a-9725-a217597149de,2026-01-27T11:48:16.516824,Engenharia de Software,SUSPENDED,6.2,76,0
e5d2212c-2f5c-40ee-9c47-a5ca30db94e2,2026-01-26T12:31:13.564378,Engenharia de Software,SUSPENDED,1.1,71,50
ae952a7a-6ff1-4c90-97e2-1488294f7f61,2026-01-11T00:09:44.979096,Administração,ACTIVE,8.4,67,25
795b2ab7-f5e8-481d-8093-c8bf9c0ce0b8,2026-03-06T12:30:51.509676,Engenharia de Software,ACTIVE,3.5,63,25
984c7b19-86c6-4844-9f27-e9050744c50c,2026-01-22T22:23:39.083525,Engenharia de Software,GRADUATED,7.0,68,100
7d0acc14-4f38-4a4a-8500-df5c9f010100,2026-01-12T07:10:36.613982,Administração,DROPPED,6.2,67,100
aa06e2da-6f71-4488-a1b7-464b4b4cb2b6,2026-05-31T05:52:26.839602,Engenharia de Software,DROPPED,2.6,91,25
da03f701-5b8f-4b50-af79-2ff74fee4881,2026-04-18T06:58:25.276935,Engenharia de Software,GRADUATED,7.3,57,50
976c775a-a3b9-406c-906f-40e72df4f29b,2026-05-17T18:16:16.950435,Engenharia de Software,GRADUATED,9.8,93,0
928b6f8a-f99f-4e28-a06f-4be207614b92,2026-01-21T08:13:47.672348,Direito,DROPPED,8.7,99,100
c1f2888e-f081-4e4d-83aa-3849f1f0e6db,2026-01-01T00:40:04.702279,Engenharia de Software,DROPPED,1.2,78,50
1db3be1f-e240-4bcd-823e-eb4e9422d4c2,2026-03-20T08:26:14.213419,Engenharia de Software,GRADUATED,5.9,59,0
23a6e23c-814d-4ffc-b232-c507c2654bfb,2026-04-11T03:40:54.502079,Direito,SUSPENDED,4.2,70,25
d084649d-8bf0-4679-be59-3e8f7bb51b7e,2026-06-05T07:19:27.374567,Direito,GRADUATED,8.6,80,0
357f30e5-666f-4df0-ba72-91dfbc0c55c7,2026-04-17T19:34:40.747010,Administração,GRADUATED,8.2,74,0
88827943-4c7c-457c-a70d-ac2473ae0c7a,2026-02-01T19:58:03.547422,Ciência de Dados,SUSPENDED,8.7,67,50
15d0a6d5-d83a-4691-be44-9f8edc40ed87,2026-05-04T11:37:57.099977,Engenharia de Software,SUSPENDED,7.1,98,25
8b06f0bb-4c21-4ead-82a9-ce9849ee2cfd,2026-03-12T17:32:25.739152,Ciência de Dados,ACTIVE,6.8,75,0
f11d46f5-46d9-44e8-b905-d9ce514ea8c8,2026-01-08T23:27:52.223152,Ciência de Dados,GRADUATED,7.6,57,0
d69be49e-1ab5-4ac8-bb8b-a5c4df5ff3ce,2026-02-12T04:08:59.651600,Administração,SUSPENDED,1.6,55,100
c13aa626-4275-447d-aeeb-9bba59f92134,2026-01-20T21:22:38.163154,Engenharia de Software,DROPPED,5.6,71,50
c5e6d54c-22e7-42cd-984c-41da1417f966,2026-05-16T14:14:51.820923,Direito,SUSPENDED,6.8,53,100
f2459414-599c-4401-ba78-57f261e52d20,2026-04-08T01:01:32.155365,Administração,GRADUATED,8.2,67,50
0e8d1d4f-7e6a-4ea0-9f8f-7ac54844fa1d,2026-05-26T20:17:53.882027,Administração,SUSPENDED,4.6,91,100
c83b1972-f01c-4a08-8d3a-b5fbf78634a7,2026-01-07T02:33:38.272824,Administração,DROPPED,5.8,60,0
9b5f308b-6a32-4cf6-bcb1-4d2e6b8285f2,2026-01-12T22:30:55.128833,Engenharia de Software,ACTIVE,5.9,85,0
07c7f26f-af62-46d8-b44f-13747fddd6d7,2026-02-28T20:36:34.605278,Engenharia de Software,ACTIVE,9.3,66,0
5f278017-13ff-41bb-81c5-1efe359fbcf3,2026-03-29T20:21:55.061669,Direito,SUSPENDED,3.8,76,0
0e6fee47-52a3-4208-8ca7-a318d12225a1,2026-01-08T06:55:50.859017,Direito,SUSPENDED,3.6,58,100
155138d1-5f58-4b80-a90f-7cef125d7912,2026-05-28T17:49:43.433594,Direito,ACTIVE,4.2,63,50
b79774fb-71fa-40ca-abcd-29396360ecc8,2026-01-20T08:17:48.527275,Direito,DROPPED,8.4,76,25
273778ce-70f8-4a50-b7c6-de1e5a684f8c,2026-05-22T16:48:10.457169,Engenharia de Software,GRADUATED,8.6,80,25
16d4a2af-ae6e-484c-9770-47ccc190dd7e,2026-02-01T15:48:28.748485,Direito,SUSPENDED,5.5,65,25
e6c40d20-debb-4305-8541-61565a927c40,2026-02-01T06:27:18.285825,Engenharia de Software,ACTIVE,1.7,67,100
7f69867e-a204-42a6-84f3-60806a82e8fa,2026-01-26T06:45:17.048664,Ciência de Dados,SUSPENDED,6.6,64,50
4bf4cc06-d936-4f8b-a7a5-56ae264388cf,2026-04-30T22:44:36.450188,Ciência de Dados,SUSPENDED,9.9,53,25
124cb82c-e660-4a7d-8de9-67b0ff15cc01,2026-03-20T01:25:30.981374,Engenharia de Software,GRADUATED,4.8,100,100
f1b5be45-b722-4174-b88e-6aad8b66cee2,2026-04-04T14:42:16.059561,Engenharia de Software,ACTIVE,9.1,63,25
ca48aa46-431c-472c-a451-b7876734cc7a,2026-03-14T04:56:41.252489,Administração,GRADUATED,6.6,88,0
4d1c9262-6b9d-49b8-9e84-6d8c867fdcbd,2026-04-30T18:50:26.239841,Direito,SUSPENDED,10.0,61,25
8e9d6b53-298a-44ba-b4a1-bf9f045df9ab,2026-04-24T22:12:22.857057,Administração,DROPPED,9.5,99,0
79e8b1cd-048d-4117-8194-f667d32ba507,2026-01-28T13:56:29.838649,Ciência de Dados,GRADUATED,4.2,59,100
8447b7c1-f043-483c-bbd1-c13bfabc9eb3,2026-04-30T18:19:35.145274,Direito,ACTIVE,2.6,65,100
4413fda0-9c47-44a0-b0c0-98bb6503e784,2026-01-29T00:42:44.601230,Direito,DROPPED,8.7,71,50
b4bb895a-98b4-492b-82e0-9ba7f8b422f2,2026-03-29T13:36:26.349190,Administração,DROPPED,3.7,72,0
71bc40a7-f103-4aa9-8470-a015f2e3439f,2026-05-11T23:37:20.223511,Ciência de Dados,ACTIVE,8.2,58,25
a340bd35-87ce-4f24-8680-8892ef5f0296,2026-05-15T03:39:00.883725,Engenharia de Software,ACTIVE,3.1,84,25
a9ce1ab6-6b87-4b63-8501-bdd17b024b8e,2026-02-12T05:42:04.959978,Ciência de Dados,SUSPENDED,3.1,61,100
36270806-0f5d-4594-a1f7-26d2a5510c69,2026-02-14T12:11:21.263545,Ciência de Dados,SUSPENDED,0.7,65,25
f44c873a-cd10-4116-90f3-ab419ae17f74,2026-03-02T12:55:32.665021,Direito,ACTIVE,9.3,85,50
134cfa92-18f7-4aff-92a5-6e8e94929dc7,2026-01-08T15:57:11.384951,Ciência de Dados,ACTIVE,3.1,95,25
72e424a3-b711-4ab2-ad63-f73db2ac6bb6,2026-05-24T07:42:18.294317,Administração,DROPPED,2.9,62,0
d6d2639a-8a73-497d-98db-d9b5468c78fa,2026-03-27T22:37:53.819125,Direito,SUSPENDED,5.3,65,25
a10c7561-1aef-4e48-aff6-ec5b1fc58356,2026-02-06T20:17:21.040072,Ciência de Dados,DROPPED,2.9,60,100
d901f0c4-3d21-4c39-95a0-edea15477937,2026-01-20T04:26:39.122161,Direito,GRADUATED,2.7,63,100
4276c301-a91b-4bec-a024-65897b3bc6a8,2026-04-17T21:37:11.550367,Administração,SUSPENDED,3.8,69,100
42e75a24-f08c-47b0-967b-de5f5bf22302,2026-05-14T05:21:20.411861,Administração,ACTIVE,6.3,99,0
8c5efba4-def9-41ca-88df-53d40c4817a6,2026-03-19T12:18:19.133740,Engenharia de Software,ACTIVE,3.1,71,25
6ab26240-b13e-4e3a-b147-47bb35bc9960,2026-03-12T13:33:46.520966,Engenharia de Software,SUSPENDED,2.9,82,50
a6670ccc-d8b1-42b7-b2b8-beb2e8b12c66,2026-05-22T15:59:47.411581,Direito,ACTIVE,2.3,52,50
589101e8-ba00-4d32-8080-a1f6ceceac81,2026-04-21T02:26:26.457901,Engenharia de Software,ACTIVE,8.2,71,25
eefa71bb-8614-44e0-ad27-61038476fe93,2026-04-20T09:12:07.273916,Ciência de Dados,GRADUATED,4.8,88,100
70c8e8d5-768f-4995-b41b-fcbcb0a10d4c,2026-05-06T19:13:53.529787,Direito,ACTIVE,9.1,82,50
45c4cd60-9476-4b20-af2f-4ef8c99af4e4,2026-05-09T10:44:57.848817,Engenharia de Software,SUSPENDED,8.9,56,0
26322ba6-52cc-48c8-8c6f-c158c4abb891,2026-04-14T20:42:18.983117,Engenharia de Software,GRADUATED,0.3,55,0
483ef1dc-fd47-4d2d-ab9c-b640c3897dad,2026-04-19T20:44:12.070423,Administração,DROPPED,5.8,83,25
feeef15e-0a24-43f5-82af-5dae4edf710f,2026-03-07T04:53:13.042442,Direito,ACTIVE,8.7,61,25
fa7bf4f8-e395-4964-9769-1cd9748d1c7d,2026-03-09T11:33:48.938742,Administração,ACTIVE,8.8,90,100
a130b16e-9431-4c1f-87c8-20366c33ee54,2026-02-01T20:22:48.557383,Direito,GRADUATED,9.5,94,100
1bbeb960-4399-4329-9f80-531b7fdd07e9,2026-04-29T09:23:08.023169,Ciência de Dados,ACTIVE,8.7,79,25
46d800c6-827e-45c8-9d68-f750b703af4f,2026-03-09T00:18:46.051100,Ciência de Dados,SUSPENDED,4.8,66,50
d78a996d-7638-46a1-8278-1504c306897b,2026-01-09T02:50:39.606973,Administração,DROPPED,9.4,58,0
3860f934-b2d2-4144-9615-21728760c6f6,2026-02-25T20:22:48.660589,Administração,DROPPED,1.6,96,0
8bbdc329-bbcf-491f-8788-bc278eb9ab37,2026-06-01T14:24:40.741453,Direito,GRADUATED,3.7,96,0
46a4edbe-5c72-48ae-8ed5-f79dff8814d4,2026-01-07T03:10:28.743296,Ciência de Dados,GRADUATED,7.5,93,0
032aee47-0826-43ba-a29a-f1a909516b96,2026-02-20T13:07:27.442354,Engenharia de Software,SUSPENDED,9.7,62,100
5d2cc8db-b7d1-4a35-89f0-f443026f7c29,2026-03-20T10:44:56.239460,Engenharia de Software,ACTIVE,2.4,57,0
df2b24f9-748f-4a94-abc3-d52b669380a6,2026-01-12T18:09:00.056025,Ciência de Dados,ACTIVE,7.4,60,100
32557f13-e87a-43dd-b9eb-6a774474364e,2026-05-07T01:38:45.322217,Engenharia de Software,DROPPED,3.7,90,0
3a523cb2-8b86-4158-a7e8-ee7212518c42,2026-01-22T21:48:52.349205,Ciência de Dados,SUSPENDED,2.1,83,50
11d56863-e440-4ccb-85be-81f576e1fbfc,2026-01-07T02:08:22.914714,Administração,DROPPED,9.1,75,0
dfd5f70a-7746-4aa8-ac36-b58ceb8d7cb1,2026-01-04T04:25:26.811558,Engenharia de Software,DROPPED,6.4,100,100
f15dd1ce-9f58-4f8c-a988-ff05df8be7b9,2026-04-20T05:31:31.717656,Ciência de Dados,SUSPENDED,6.9,85,0
